"age","credithistory","creditstatus","paymenthistory","frequentcaller","gender","income","startingmember","value"
63,"Repaid on time","Clear","Same week","No","m",66761,"No",1600
40,"Paid on time","Due payment","Same month","Yes","f",54713,"No",1350
46,"Past arrears","Clear","Same month","No","f",57363,"No",1050
56,"Past arrears","Due payment","Same month","No","f",63016,"No",1050
64,"Paid on time","Clear","Same day","No","m",92777,"No",1700
41,"Past arrears","Due payment","Same month","Yes","m",41465,"No",1100
59,"Paid on time","Due payment","Same day","Yes","f",51447,"No",1550
47,"Repaid on time","Clear","Same day","No","m",47596,"No",1100
19,"Paid on time","Clear","Same week","Yes","m",14210,"No",1400
63,"Past arrears","Due payment","Same week","No","m",56276,"No",900
40,"Repaid on time","Clear","Same day","Yes","m",50117,"No",1600
18,"Paid on time","Clear","Same day","Yes","m",12447,"No",1300
62,"Past arrears","Due payment","Same week","No","m",78475,"No",1200
62,"Paid on time","Due payment","Same week","Yes","f",69537,"No",1950
51,"Paid on time","Due payment","Same week","No","f",64586,"No",1350
49,"Repaid on time","Clear","Same week","Yes","f",44396,"No",1750
55,"Paid on time","Clear","Same day","No","f",50989,"No",1350
59,"Paid on time","Clear","Same week","Yes","f",70643,"No",2350
30,"Past arrears","Clear","Same month","No","m",40850,"No",800
43,"Paid on time","Clear","Same month","No","f",44360,"No",1250
64,"Past arrears","Clear","Same month","Yes","f",55514,"No",1650
32,"Repaid on time","Due payment","Same day","Yes","f",38177,"No",1050
42,"Repaid on time","Clear","Same day","Yes","f",39997,"No",1450
44,"Repaid on time","Due payment","Same day","Yes","m",57842,"No",1200
64,"Past arrears","Due payment","Same month","Yes","m",78103,"No",1500
58,"Past arrears","Clear","Same week","Yes","m",83074,"No",2100
56,"Paid on time","Due payment","Same week","Yes","m",32798,"No",1400
41,"Repaid on time","Clear","Same week","Yes","f",57685,"No",1750
25,"Repaid on time","Clear","Same day","Yes","f",37665,"No",1250
46,"Repaid on time","Clear","Same day","Yes","f",78483,"No",1950
21,"Paid on time","Clear","Same week","Yes","f",24929,"No",1450
31,"Repaid on time","Due payment","Same week","No","m",34789,"No",600
48,"Paid on time","Due payment","Same day","Yes","f",55775,"No",1450
58,"Repaid on time","Clear","Same week","Yes","m",67661,"No",2100
27,"Paid on time","Due payment","Same day","Yes","f",32006,"No",1050
53,"Paid on time","Clear","Same day","No","f",46932,"No",1350
25,"Past arrears","Due payment","Same day","Yes","m",31310,"No",800
48,"Past arrears","Clear","Same month","Yes","f",74240,"No",1850
57,"Past arrears","Clear","Same month","No","f",57622,"No",1150
58,"Paid on time","Clear","Same day","Yes","m",77788,"No",2200
23,"Repaid on time","Clear","Same month","No","f",27520,"No",550
36,"Repaid on time","Due payment","Same week","Yes","m",47755,"No",1300
60,"Past arrears","Clear","Same week","Yes","f",57567,"No",1850
59,"Repaid on time","Clear","Same month","No","m",42925,"No",1100
24,"Past arrears","Clear","Same week","Yes","m",32085,"No",1300
60,"Repaid on time","Clear","Same day","Yes","f",51405,"No",1750
38,"Paid on time","Due payment","Same month","Yes","f",46148,"No",1350
48,"Repaid on time","Clear","Same week","No","m",53277,"No",1200
18,"Repaid on time","Due payment","Same week","Yes","m",25419,"No",800
19,"Paid on time","Due payment","Same week","No","m",29765,"No",500
48,"Past arrears","Clear","Same month","Yes","f",51187,"No",1550
18,"Past arrears","Clear","Same month","Yes","f",21357,"No",1050
60,"Past arrears","Clear","Same month","Yes","m",84054,"No",1900
29,"Repaid on time","Clear","Same month","Yes","m",34474,"No",1100
22,"Repaid on time","Clear","Same day","Yes","f",27173,"No",1150
30,"Repaid on time","Clear","Same day","No","f",39699,"No",750
39,"Past arrears","Clear","Same week","No","m",34311,"No",1000
36,"Past arrears","Clear","Same week","No","f",45796,"No",1250
36,"Paid on time","Clear","Same day","Yes","m",34274,"No",1600
58,"Paid on time","Clear","Same week","Yes","f",87403,"No",2350
60,"Repaid on time","Due payment","Same week","No","m",71309,"No",1200
47,"Past arrears","Clear","Same week","Yes","f",63541,"Yes",1750
51,"Paid on time","Clear","Same month","Yes","m",42492,"No",1700
49,"Paid on time","Clear","Same week","Yes","m",47838,"No",1900
32,"Past arrears","Clear","Same month","Yes","m",45808,"No",1500
34,"Paid on time","Clear","Same day","Yes","m",54406,"No",1800
49,"Past arrears","Due payment","Same week","Yes","f",53384,"No",1350
47,"Paid on time","Due payment","Same week","Yes","m",42376,"No",1500
18,"Past arrears","Due payment","Same week","No","m",21573,"No",300
53,"Paid on time","Due payment","Same month","Yes","f",54638,"No",1350
37,"Paid on time","Clear","Same week","No","m",48778,"No",1400
34,"Paid on time","Clear","Same day","No","m",40730,"No",1300
33,"Paid on time","Clear","Same week","No","m",45524,"No",1400
51,"Past arrears","Clear","Same week","No","m",50728,"No",1200
61,"Repaid on time","Clear","Same month","No","m",84882,"No",1400
41,"Repaid on time","Clear","Same day","Yes","m",52502,"No",1600
52,"Past arrears","Due payment","Same day","Yes","f",93106,"No",1550
61,"Past arrears","Due payment","Same week","Yes","f",109678,"No",1750
41,"Repaid on time","Clear","Same day","Yes","m",59909,"No",1600
56,"Paid on time","Clear","Same week","No","m",59538,"No",1500
54,"Repaid on time","Clear","Same month","No","m",89448,"No",1300
52,"Paid on time","Clear","Same week","Yes","f",62961,"No",2250
19,"Past arrears","Clear","Same day","No","f",22570,"No",650
60,"Paid on time","Clear","Same month","Yes","m",58158,"No",1800
32,"Paid on time","Clear","Same month","Yes","m",46853,"No",1700
20,"Past arrears","Due payment","Same week","Yes","f",22817,"No",850
34,"Paid on time","Due payment","Same week","Yes","f",38187,"No",1350
49,"Repaid on time","Clear","Same week","Yes","m",73336,"No",2000
55,"Past arrears","Clear","Same week","No","f",76173,"No",1550
45,"Past arrears","Clear","Same week","No","f",64652,"No",1550
54,"Past arrears","Clear","Same day","No","m",74340,"No",1400
32,"Past arrears","Due payment","Same week","No","f",46821,"No",850
46,"Repaid on time","Due payment","Same day","Yes","f",37926,"No",1050
35,"Past arrears","Clear","Same week","Yes","f",36300,"No",1550
33,"Past arrears","Clear","Same day","Yes","f",26850,"No",1350
22,"Paid on time","Clear","Same week","No","m",24330,"No",900
53,"Paid on time","Clear","Same day","No","m",73019,"No",1600
30,"Repaid on time","Due payment","Same month","No","m",32339,"No",200
25,"Past arrears","Due payment","Same day","No","f",26475,"No",250
22,"Paid on time","Clear","Same day","Yes","m",30086,"No",1400
32,"Paid on time","Due payment","Same day","No","f",43501,"No",950
26,"Paid on time","Clear","Same week","Yes","m",34113,"No",1500
27,"Repaid on time","Due payment","Same week","No","m",32522,"No",400
53,"Paid on time","Clear","Same week","Yes","m",59927,"No",1900
48,"Past arrears","Clear","Same day","No","m",63304,"No",1400
60,"Past arrears","Clear","Same day","No","m",53942,"No",1200
30,"Paid on time","Clear","Same week","No","f",34179,"No",1050
22,"Paid on time","Clear","Same week","Yes","m",32378,"No",1500
32,"Paid on time","Clear","Same month","Yes","f",31456,"No",1550
39,"Past arrears","Due payment","Same day","Yes","f",37545,"No",1050
41,"Paid on time","Due payment","Same day","Yes","m",49707,"No",1400
54,"Paid on time","Due payment","Same week","No","m",62154,"No",1300
53,"Paid on time","Clear","Same day","No","f",66834,"No",1650
24,"Repaid on time","Clear","Same week","Yes","f",24642,"No",1250
19,"Past arrears","Clear","Same day","Yes","m",18152,"No",1100
34,"Past arrears","Due payment","Same day","Yes","m",44196,"No",1200
56,"Paid on time","Clear","Same week","Yes","f",61199,"No",2350
30,"Paid on time","Due payment","Same week","No","m",43943,"No",800
32,"Paid on time","Due payment","Same month","Yes","f",33137,"No",1150
28,"Repaid on time","Clear","Same week","Yes","f",36639,"No",1350
33,"Past arrears","Due payment","Same week","No","m",37721,"No",600
41,"Past arrears","Clear","Same week","No","f",50505,"No",1250
40,"Past arrears","Clear","Same month","Yes","m",47591,"No",1500
57,"Repaid on time","Clear","Same month","Yes","m",78915,"No",1900
23,"Past arrears","Clear","Same week","Yes","m",30725,"No",1300
59,"Paid on time","Clear","Same day","Yes","m",69763,"No",2200
35,"Paid on time","Due payment","Same day","Yes","m",38151,"No",1200
44,"Repaid on time","Clear","Same month","Yes","m",58389,"No",1500
49,"Paid on time","Clear","Same week","Yes","f",32530,"No",1750
27,"Paid on time","Due payment","Same month","Yes","m",33214,"No",900
51,"Paid on time","Clear","Same week","Yes","m",53394,"No",1900
27,"Paid on time","Clear","Same day","Yes","m",35893,"No",1400
46,"Repaid on time","Clear","Same week","Yes","f",54041,"No",1750
23,"Past arrears","Clear","Same month","Yes","f",26073,"No",1050
45,"Paid on time","Due payment","Same month","No","m",60142,"No",1100
49,"Past arrears","Clear","Same week","Yes","f",63370,"No",2050
44,"Repaid on time","Clear","Same day","No","f",50936,"No",1150
38,"Paid on time","Clear","Same week","No","m",48980,"No",1400
64,"Past arrears","Due payment","Same day","Yes","f",79966,"No",1650
51,"Past arrears","Clear","Same day","Yes","m",47401,"No",1600
52,"Past arrears","Clear","Same day","No","f",38430,"No",950
61,"Paid on time","Due payment","Same month","Yes","m",78292,"No",1700
62,"Past arrears","Clear","Same month","Yes","f",62733,"No",1950
32,"Paid on time","Clear","Same week","Yes","f",48410,"No",1950
19,"Repaid on time","Clear","Same month","No","f",20320,"No",550
54,"Repaid on time","Clear","Same week","Yes","m",77862,"No",2000
62,"Paid on time","Clear","Same month","No","f",77728,"No",1650
30,"Past arrears","Due payment","Same month","Yes","m",31579,"No",700
20,"Repaid on time","Due payment","Same day","No","m",26555,"No",200
25,"Paid on time","Due payment","Same week","Yes","f",30528,"No",1150
53,"Paid on time","Clear","Same week","No","m",72770,"No",1700
51,"Paid on time","Due payment","Same week","No","f",44278,"No",1050
18,"Past arrears","Clear","Same week","Yes","m",19989,"No",1200
44,"Paid on time","Due payment","Same day","No","m",22001,"No",600
37,"Paid on time","Due payment","Same day","No","f",47927,"No",950
18,"Paid on time","Clear","Same month","Yes","m",29389,"No",1200
63,"Repaid on time","Clear","Same week","Yes","m",72256,"No",2100
37,"Paid on time","Clear","Same week","Yes","m",48298,"No",1900
26,"Repaid on time","Clear","Same month","Yes","f",35523,"No",1150
39,"Past arrears","Clear","Same week","Yes","m",56009,"No",1700
18,"Paid on time","Due payment","Same day","No","m",23450,"No",400
59,"Paid on time","Clear","Same week","Yes","m",63501,"No",2300
29,"Paid on time","Clear","Same day","Yes","m",40280,"No",1600
20,"Repaid on time","Clear","Same day","Yes","f",29180,"No",1150
43,"Paid on time","Clear","Same month","No","f",51163,"No",1250
41,"Paid on time","Clear","Same week","Yes","m",47980,"No",1900
39,"Past arrears","Due payment","Same week","Yes","f",32353,"No",1150
51,"Paid on time","Clear","Same week","Yes","f",77798,"No",2250
35,"Paid on time","Due payment","Same day","No","m",43142,"No",900
41,"Repaid on time","Due payment","Same week","No","f",54029,"No",850
63,"Repaid on time","Due payment","Same month","No","m",96589,"No",1000
41,"Paid on time","Clear","Same day","Yes","f",52160,"No",1850
52,"Paid on time","Due payment","Same month","Yes","m",47932,"No",1300
32,"Paid on time","Clear","Same week","Yes","m",38440,"No",1700
44,"Paid on time","Due payment","Same week","Yes","f",48225,"No",1550
49,"Repaid on time","Clear","Same day","No","f",61839,"No",1450
32,"Repaid on time","Due payment","Same week","Yes","f",40312,"No",1350
42,"Paid on time","Clear","Same day","Yes","m",50335,"No",1800
46,"Repaid on time","Clear","Same month","Yes","m",44924,"No",1500
53,"Past arrears","Due payment","Same day","Yes","f",56265,"No",1250
47,"Past arrears","Due payment","Same day","Yes","m",45564,"No",1200
28,"Repaid on time","Due payment","Same month","Yes","f",37044,"No",750
62,"Past arrears","Due payment","Same day","Yes","m",72911,"No",1600
61,"Paid on time","Clear","Same week","No","f",86422,"No",1850
57,"Paid on time","Due payment","Same week","Yes","m",77780,"No",1900
61,"Past arrears","Clear","Same week","Yes","m",81753,"No",2100
19,"Past arrears","Clear","Same week","Yes","m",27137,"No",1200
49,"Repaid on time","Due payment","Same week","Yes","f",46313,"No",1350
38,"Paid on time","Clear","Same week","Yes","f",45781,"No",1950
29,"Repaid on time","Due payment","Same month","No","m",26777,"No",100
44,"Paid on time","Clear","Same week","Yes","f",44109,"No",1950
21,"Past arrears","Clear","Same month","Yes","m",24751,"No",1000
35,"Past arrears","Due payment","Same day","Yes","m",49728,"No",1200
48,"Past arrears","Due payment","Same month","No","m",49923,"No",600
64,"Past arrears","Clear","Same week","Yes","f",86274,"No",2150
55,"Paid on time","Clear","Same month","No","m",66422,"No",1500
37,"Paid on time","Clear","Same month","No","m",54256,"No",1200
21,"Repaid on time","Clear","Same week","Yes","m",22857,"No",1200
30,"Paid on time","Due payment","Same month","No","f",31082,"No",450
37,"Repaid on time","Clear","Same day","Yes","f",41181,"No",1650
58,"Repaid on time","Due payment","Same month","Yes","m",94309,"No",1500
24,"Repaid on time","Due payment","Same month","No","m",30159,"No",200
25,"Past arrears","Due payment","Same week","Yes","f",23192,"No",850
40,"Past arrears","Clear","Same week","Yes","f",44894,"No",1750
57,"Paid on time","Clear","Same week","Yes","m",90337,"No",2300
31,"Past arrears","Due payment","Same week","No","m",43684,"No",800
29,"Repaid on time","Clear","Same week","Yes","m",38079,"No",1300
38,"Repaid on time","Clear","Same day","No","m",39780,"No",900
33,"Paid on time","Clear","Same week","No","f",49278,"No",1450
38,"Repaid on time","Clear","Same day","No","m",58170,"No",1100
52,"Paid on time","Clear","Same month","No","m",56600,"No",1200
55,"Repaid on time","Clear","Same week","Yes","m",55080,"No",1700
47,"Paid on time","Clear","Same week","No","m",54683,"No",1400
50,"Paid on time","Due payment","Same day","Yes","m",70950,"No",1700
57,"Past arrears","Clear","Same week","Yes","m",72948,"No",2100
33,"Past arrears","Clear","Same week","No","m",38825,"No",1000
48,"Repaid on time","Clear","Same week","Yes","m",52889,"No",1700
40,"Repaid on time","Due payment","Same month","No","m",44340,"No",600
40,"Paid on time","Clear","Same week","Yes","m",58355,"No",1900
51,"Repaid on time","Clear","Same day","Yes","f",67200,"No",1950
61,"Repaid on time","Clear","Same week","No","m",82147,"No",1600
58,"Paid on time","Clear","Same month","Yes","f",81223,"No",2150
36,"Past arrears","Clear","Same week","Yes","f",32550,"No",1550
58,"Repaid on time","Clear","Same day","Yes","f",40814,"No",1750
19,"Repaid on time","Clear","Same week","Yes","f",23692,"No",1250
58,"Paid on time","Clear","Same week","Yes","f",79823,"No",2350
56,"Repaid on time","Due payment","Same day","Yes","m",72027,"No",1600
19,"Repaid on time","Clear","Same week","Yes","f",18978,"No",1250
54,"Repaid on time","Clear","Same month","Yes","f",62465,"No",1850
48,"Past arrears","Clear","Same month","Yes","f",65578,"No",1850
64,"Past arrears","Due payment","Same week","Yes","f",86615,"No",1750
61,"Repaid on time","Clear","Same week","No","f",51908,"No",1350
36,"Paid on time","Clear","Same day","Yes","f",46969,"No",1850
61,"Past arrears","Due payment","Same month","Yes","m",85147,"No",1500
62,"Repaid on time","Clear","Same day","Yes","f",82075,"No",2050
55,"Past arrears","Clear","Same day","No","f",55677,"No",1150
21,"Past arrears","Clear","Same day","Yes","m",34648,"No",1200
35,"Paid on time","Due payment","Same month","Yes","f",50808,"No",1350
60,"Repaid on time","Clear","Same week","No","m",74193,"No",1600
18,"Past arrears","Due payment","Same week","No","f",19229,"No",350
29,"Paid on time","Clear","Same month","No","m",38586,"No",800
49,"Repaid on time","Due payment","Same month","No","f",64900,"No",950
27,"Paid on time","Due payment","Same week","No","m",27083,"No",500
58,"Past arrears","Clear","Same week","Yes","f",74348,"No",2150
33,"Repaid on time","Clear","Same month","Yes","f",43077,"No",1550
59,"Paid on time","Clear","Same week","Yes","m",82291,"No",2300
62,"Repaid on time","Clear","Same week","Yes","f",74816,"No",2150
41,"Past arrears","Clear","Same week","Yes","m",63301,"No",2000
24,"Paid on time","Due payment","Same week","Yes","f",25451,"No",1050
56,"Repaid on time","Clear","Same day","No","m",76888,"No",1500
38,"Past arrears","Due payment","Same week","Yes","m",38183,"No",1100
41,"Repaid on time","Due payment","Same month","Yes","f",48628,"No",1150
45,"Past arrears","Clear","Same month","Yes","f",41071,"No",1550
64,"Paid on time","Clear","Same day","No","f",73459,"No",1750
57,"Paid on time","Clear","Same week","Yes","f",53844,"No",2050
57,"Paid on time","Clear","Same week","Yes","m",65495,"No",2300
58,"Repaid on time","Clear","Same week","Yes","f",73995,"No",2150
47,"Repaid on time","Due payment","Same week","Yes","m",40072,"No",1300
37,"Past arrears","Clear","Same week","No","m",60006,"No",1500
64,"Paid on time","Clear","Same month","No","m",100627,"No",1600
44,"Paid on time","Clear","Same week","Yes","m",53970,"No",1900
59,"Paid on time","Due payment","Same month","Yes","f",67646,"No",1750
52,"Repaid on time","Clear","Same week","Yes","m",66673,"No",2000
50,"Repaid on time","Due payment","Same month","No","f",49787,"No",650
26,"Past arrears","Clear","Same month","No","f",28721,"No",550
25,"Paid on time","Clear","Same day","Yes","m",28816,"No",1300
33,"Paid on time","Due payment","Same day","No","m",35636,"No",700
46,"Past arrears","Due payment","Same week","Yes","m",56004,"No",1300
25,"Repaid on time","Clear","Same day","Yes","m",30648,"No",1200
23,"Past arrears","Clear","Same month","Yes","f",29114,"No",1050
63,"Repaid on time","Clear","Same week","No","f",79165,"No",1650
29,"Paid on time","Due payment","Same week","Yes","f",29880,"No",1050
18,"Past arrears","Due payment","Same day","Yes","f",22798,"No",750
21,"Past arrears","Due payment","Same day","Yes","m",30543,"No",800
36,"Paid on time","Clear","Same week","No","f",38205,"No",1250
49,"Paid on time","Clear","Same month","No","m",67520,"No",1500
26,"Paid on time","Clear","Same month","Yes","m",25595,"No",1200
36,"Past arrears","Clear","Same week","Yes","f",43143,"No",1750
24,"Past arrears","Clear","Same month","Yes","m",26336,"No",1000
62,"Paid on time","Clear","Same day","No","m",64052,"No",1700
64,"Past arrears","Due payment","Same day","Yes","m",67275,"No",1600
38,"Paid on time","Due payment","Same week","No","f",48428,"No",1050
31,"Repaid on time","Clear","Same week","Yes","m",28554,"No",1400
48,"Repaid on time","Due payment","Same week","No","f",60691,"No",1150
49,"Past arrears","Clear","Same month","Yes","m",44583,"No",1500
39,"Past arrears","Clear","Same week","Yes","m",39683,"No",1500
36,"Past arrears","Due payment","Same week","No","f",45515,"No",850
48,"Paid on time","Clear","Same month","Yes","f",63699,"No",2050
21,"Paid on time","Due payment","Same month","Yes","m",23369,"No",800
37,"Paid on time","Clear","Same week","Yes","f",31752,"No",1750
36,"Repaid on time","Clear","Same week","No","f",55104,"No",1250
64,"Past arrears","Due payment","Same day","Yes","f",74807,"No",1650
53,"Paid on time","Clear","Same month","Yes","f",53797,"No",1750
47,"Past arrears","Due payment","Same day","No","m",64994,"No",1000
31,"Past arrears","Clear","Same week","Yes","m",35973,"No",1500
38,"Past arrears","Clear","Same month","Yes","f",40514,"No",1550
33,"Past arrears","Clear","Same month","Yes","f",30760,"No",1350
59,"Paid on time","Due payment","Same week","Yes","m",90868,"No",1900
23,"Paid on time","Clear","Same month","Yes","f",18689,"No",1250
55,"Paid on time","Clear","Same day","No","m",77665,"No",1600
46,"Paid on time","Clear","Same day","No","f",54541,"No",1350
24,"Paid on time","Clear","Same week","Yes","f",29386,"No",1450
37,"Paid on time","Clear","Same week","Yes","m",60026,"No",2200
31,"Repaid on time","Clear","Same month","No","f",35791,"No",850
53,"Repaid on time","Clear","Same month","No","f",44751,"No",1050
51,"Past arrears","Due payment","Same week","Yes","f",43253,"No",1350
39,"Past arrears","Due payment","Same week","Yes","m",37050,"No",1100
49,"Past arrears","Due payment","Same day","Yes","f",52277,"No",1250
20,"Paid on time","Due payment","Same week","Yes","f",21017,"No",1050
43,"Past arrears","Due payment","Same week","Yes","m",39324,"No",1100
44,"Past arrears","Due payment","Same day","No","f",52211,"No",750
50,"Past arrears","Due payment","Same week","Yes","m",68907,"No",1600
41,"Repaid on time","Due payment","Same week","No","m",61011,"No",1100
48,"Paid on time","Clear","Same week","No","m",36979,"No",1200
39,"Repaid on time","Clear","Same week","Yes","f",51859,"No",1750
50,"Repaid on time","Clear","Same week","No","m",62615,"No",1500
40,"Paid on time","Due payment","Same week","No","f",39439,"No",850
26,"Past arrears","Clear","Same month","Yes","m",28140,"No",1000
62,"Paid on time","Due payment","Same month","Yes","f",71925,"No",1750
26,"Past arrears","Clear","Same month","Yes","f",36830,"No",1150
33,"Repaid on time","Due payment","Same month","Yes","f",44132,"No",1150
19,"Paid on time","Clear","Same month","Yes","m",22006,"No",1200
51,"Repaid on time","Clear","Same week","Yes","m",58157,"No",1700
56,"Repaid on time","Due payment","Same month","No","f",66015,"No",1050
26,"Repaid on time","Clear","Same week","Yes","m",30352,"No",1300
62,"Paid on time","Clear","Same month","Yes","m",64918,"No",2100
19,"Past arrears","Clear","Same month","Yes","f",24684,"No",1050
27,"Repaid on time","Clear","Same week","No","m",29471,"No",700
33,"Paid on time","Clear","Same day","No","f",34036,"No",1150
51,"Paid on time","Clear","Same month","Yes","m",70363,"No",2000
19,"Past arrears","Due payment","Same week","Yes","f",18942,"No",850
44,"Repaid on time","Clear","Same day","No","m",44547,"No",1100
28,"Repaid on time","Clear","Same day","Yes","f",38387,"No",1250
33,"Past arrears","Clear","Same month","No","m",44505,"No",1000
47,"Paid on time","Due payment","Same week","Yes","m",45556,"No",1500
50,"Past arrears","Due payment","Same week","No","f",57215,"No",850
45,"Paid on time","Clear","Same week","No","m",50791,"No",1400
24,"Paid on time","Due payment","Same week","Yes","m",25999,"No",1000
26,"Repaid on time","Due payment","Same week","Yes","m",23095,"No",800
45,"Paid on time","Clear","Same week","No","m",50020,"No",1400
30,"Paid on time","Clear","Same week","No","f",32131,"No",1050
58,"Paid on time","Clear","Same week","No","m",48953,"No",1500
25,"Past arrears","Due payment","Same week","No","m",35341,"No",400
64,"Paid on time","Due payment","Same month","No","f",68018,"No",1250
61,"Past arrears","Due payment","Same month","Yes","m",68116,"No",1500
63,"Paid on time","Clear","Same month","Yes","f",83023,"No",2150
34,"Repaid on time","Clear","Same month","No","f",27915,"No",750
61,"Past arrears","Clear","Same month","No","f",54020,"No",1150
25,"Past arrears","Clear","Same day","Yes","m",28772,"No",1100
57,"Paid on time","Due payment","Same month","No","f",77595,"No",1250
23,"Past arrears","Due payment","Same week","Yes","f",25413,"No",850
35,"Paid on time","Due payment","Same week","Yes","f",40962,"No",1550
57,"Paid on time","Clear","Same month","No","f",73713,"No",1650
33,"Past arrears","Clear","Same day","No","f",61481,"No",1450
63,"Paid on time","Clear","Same day","Yes","m",90459,"No",2200
36,"Repaid on time","Due payment","Same month","Yes","f",43683,"No",1150
47,"Past arrears","Clear","Same day","Yes","f",51090,"No",1650
40,"Repaid on time","Clear","Same day","No","f",43991,"No",1150
48,"Paid on time","Clear","Same month","No","f",53959,"No",1250
25,"Past arrears","Clear","Same week","Yes","m",30188,"No",1300
31,"Past arrears","Clear","Same day","Yes","f",34458,"No",1450
59,"Past arrears","Due payment","Same month","Yes","m",63399,"No",1500
25,"Repaid on time","Clear","Same month","No","f",37029,"No",650
22,"Paid on time","Clear","Same month","Yes","f",29758,"No",1250
22,"Past arrears","Due payment","Same day","Yes","m",34110,"No",800
27,"Paid on time","Due payment","Same week","Yes","m",24359,"No",1000
62,"Paid on time","Clear","Same week","Yes","f",70906,"No",2350
62,"Repaid on time","Due payment","Same week","No","m",69083,"No",1200
36,"Repaid on time","Clear","Same month","No","f",45362,"No",1050
45,"Past arrears","Clear","Same day","Yes","m",50540,"No",1600
52,"Paid on time","Due payment","Same day","Yes","f",61238,"No",1750
43,"Past arrears","Due payment","Same day","Yes","f",39304,"Yes",750
31,"Paid on time","Due payment","Same day","No","m",49488,"No",900
58,"Past arrears","Clear","Same week","Yes","f",80445,"No",2150
20,"Repaid on time","Due payment","Same week","Yes","f",23610,"No",850
39,"Past arrears","Clear","Same week","Yes","m",51408,"No",1700
21,"Past arrears","Clear","Same week","Yes","f",23056,"No",1250
30,"Paid on time","Due payment","Same week","No","f",43986,"No",850
41,"Past arrears","Clear","Same day","Yes","m",59665,"No",1600
20,"Paid on time","Clear","Same week","No","m",24297,"No",900
45,"Past arrears","Clear","Same month","No","m",44568,"No",1000
27,"Past arrears","Due payment","Same day","Yes","f",35853,"No",850
46,"Paid on time","Clear","Same week","Yes","f",56851,"No",1950
64,"Past arrears","Clear","Same day","No","m",74978,"No",1500
27,"Repaid on time","Clear","Same month","No","m",38588,"No",600
39,"Repaid on time","Clear","Same week","Yes","m",30747,"No",1500
31,"Repaid on time","Due payment","Same week","Yes","m",38136,"No",1100
30,"Paid on time","Clear","Same day","Yes","m",36521,"No",1400
26,"Past arrears","Clear","Same month","No","m",35660,"No",600
51,"Paid on time","Clear","Same day","Yes","m",51818,"No",1800
39,"Past arrears","Clear","Same month","No","f",49101,"No",1050
53,"Past arrears","Clear","Same day","Yes","f",49404,"No",1650
59,"Paid on time","Due payment","Same week","Yes","f",35118,"No",1450
55,"Past arrears","Due payment","Same day","No","m",73532,"No",1000
54,"Paid on time","Due payment","Same month","No","m",65254,"No",1100
51,"Past arrears","Clear","Same month","Yes","f",76210,"No",1850
45,"Paid on time","Clear","Same week","No","m",66165,"No",1700
27,"Paid on time","Clear","Same month","Yes","m",25340,"No",1200
25,"Repaid on time","Due payment","Same month","Yes","f",23287,"No",650
59,"Repaid on time","Clear","Same month","Yes","m",68747,"No",1900
34,"Paid on time","Due payment","Same month","Yes","m",46809,"No",1300
52,"Past arrears","Clear","Same month","No","f",55746,"No",1050
57,"Past arrears","Clear","Same week","Yes","m",58323,"No",1800
21,"Repaid on time","Due payment","Same day","Yes","f",22645,"No",750
30,"Paid on time","Clear","Same day","Yes","m",42607,"No",1600
48,"Repaid on time","Due payment","Same day","Yes","m",59190,"No",1200
48,"Repaid on time","Clear","Same week","Yes","m",45736,"No",1700
63,"Paid on time","Clear","Same day","No","m",80902,"No",1700
50,"Paid on time","Clear","Same week","No","f",62408,"No",1750
56,"Past arrears","Clear","Same week","Yes","m",48632,"No",1800
63,"Past arrears","Clear","Same week","No","m",93990,"No",1600
64,"Repaid on time","Clear","Same week","No","f",70879,"No",1650
49,"Past arrears","Clear","Same day","No","m",55281,"No",1100
54,"Repaid on time","Clear","Same week","Yes","f",58195,"No",1750
18,"Paid on time","Clear","Same week","Yes","f",17778,"No",1450
52,"Repaid on time","Clear","Same week","No","f",54610,"No",1250
35,"Past arrears","Clear","Same day","No","m",50583,"No",1100
47,"Paid on time","Clear","Same week","No","m",53011,"No",1400
53,"Paid on time","Clear","Same week","No","f",75597,"No",1750
52,"Past arrears","Clear","Same day","Yes","f",56569,"No",1650
45,"Paid on time","Clear","Same day","Yes","m",46189,"No",1800
32,"Paid on time","Clear","Same month","No","m",48895,"No",1200
37,"Past arrears","Due payment","Same month","Yes","m",43265,"No",1100
24,"Repaid on time","Due payment","Same day","Yes","m",27338,"No",700
42,"Past arrears","Clear","Same week","No","f",57673,"Yes",950
48,"Paid on time","Clear","Same week","Yes","f",61092,"No",2250
55,"Repaid on time","Clear","Same week","No","f",67693,"No",1550
47,"Repaid on time","Clear","Same week","No","m",54826,"No",1200
33,"Paid on time","Due payment","Same week","Yes","m",32613,"No",1300
27,"Repaid on time","Clear","Same day","Yes","f",27999,"No",1150
59,"Past arrears","Due payment","Same week","No","f",89305,"No",1250
46,"Paid on time","Clear","Same month","No","f",43099,"No",1250
64,"Paid on time","Due payment","Same day","No","m",103822,"No",1300
44,"Past arrears","Due payment","Same month","Yes","m",59141,"No",1100
19,"Past arrears","Due payment","Same day","No","f",24676,"No",250
49,"Paid on time","Clear","Same week","Yes","f",62464,"No",2250
62,"Past arrears","Due payment","Same month","Yes","f",58464,"No",1250
54,"Past arrears","Clear","Same week","Yes","f",60001,"No",2050
64,"Repaid on time","Clear","Same month","No","m",87360,"No",1400
39,"Repaid on time","Clear","Same day","Yes","m",42694,"No",1600
30,"Past arrears","Due payment","Same month","No","f",44065,"No",450
58,"Repaid on time","Clear","Same month","No","f",59309,"No",1150
43,"Paid on time","Due payment","Same week","Yes","m",58146,"No",1500
26,"Repaid on time","Clear","Same week","No","m",29465,"No",700
18,"Repaid on time","Clear","Same day","No","f",22525,"No",650
42,"Past arrears","Clear","Same week","No","m",55768,"No",1200
60,"Past arrears","Due payment","Same week","No","m",70066,"No",1200
34,"Repaid on time","Due payment","Same month","Yes","f",43702,"No",1150
47,"Past arrears","Due payment","Same day","Yes","m",45248,"No",1200
54,"Past arrears","Clear","Same day","Yes","m",65175,"No",1900
45,"Repaid on time","Due payment","Same day","Yes","m",53748,"No",1200
50,"Paid on time","Clear","Same month","No","m",59622,"No",1200
42,"Paid on time","Due payment","Same week","No","m",31421,"No",800
35,"Past arrears","Clear","Same day","Yes","f",37514,"No",1450
20,"Past arrears","Clear","Same day","Yes","m",23951,"No",1100
27,"Past arrears","Due payment","Same day","Yes","m",28739,"No",700
26,"Paid on time","Clear","Same week","Yes","f",32044,"No",1550
23,"Past arrears","Clear","Same month","Yes","f",30808,"No",1150
44,"Repaid on time","Clear","Same month","No","f",45737,"No",1050
43,"Past arrears","Clear","Same week","Yes","f",51571,"No",1750
55,"Paid on time","Clear","Same week","No","m",80134,"No",1700
30,"Past arrears","Clear","Same day","Yes","f",28775,"No",1150
48,"Paid on time","Clear","Same week","Yes","f",47960,"No",1950
37,"Repaid on time","Clear","Same month","No","f",49576,"No",1050
24,"Paid on time","Clear","Same month","Yes","m",25543,"No",1200
64,"Paid on time","Due payment","Same day","Yes","f",84206,"No",1850
31,"Past arrears","Due payment","Same month","Yes","f",42732,"No",1150
48,"Repaid on time","Due payment","Same month","Yes","m",47854,"No",1100
34,"Past arrears","Clear","Same week","No","m",36670,"No",1000
45,"Paid on time","Due payment","Same day","Yes","m",58955,"No",1400
49,"Past arrears","Clear","Same week","Yes","m",77902,"No",2000
54,"Past arrears","Due payment","Same day","No","m",49686,"No",700
43,"Repaid on time","Clear","Same week","Yes","f",68819,"No",2050
59,"Paid on time","Due payment","Same day","Yes","m",78740,"No",1800
60,"Paid on time","Clear","Same day","Yes","m",79638,"No",2200
43,"Paid on time","Clear","Same day","Yes","f",49623,"No",1850
19,"Paid on time","Clear","Same day","No","m",20112,"No",800
46,"Past arrears","Clear","Same month","Yes","f",45449,"No",1550
29,"Paid on time","Clear","Same day","No","f",28970,"No",850
57,"Past arrears","Due payment","Same week","No","f",47735,"No",950
64,"Past arrears","Due payment","Same week","Yes","f",74017,"No",1750
20,"Repaid on time","Due payment","Same month","No","m",24813,"No",100
21,"Paid on time","Clear","Same week","Yes","m",29902,"No",1400
38,"Past arrears","Clear","Same week","No","m",49534,"No",1200
46,"Past arrears","Clear","Same day","Yes","f",62951,"No",1950
32,"Past arrears","Clear","Same month","No","m",56445,"No",1000
28,"Past arrears","Clear","Same day","Yes","m",37074,"No",1200
28,"Paid on time","Clear","Same day","Yes","f",28807,"No",1350
58,"Past arrears","Clear","Same day","Yes","m",58144,"No",1700
61,"Paid on time","Clear","Same month","Yes","f",53094,"No",1850
23,"Past arrears","Due payment","Same week","Yes","m",26143,"No",800
33,"Past arrears","Clear","Same week","No","m",48599,"No",1200
55,"Paid on time","Due payment","Same month","Yes","f",67879,"No",1650
58,"Repaid on time","Due payment","Same week","Yes","m",77339,"No",1700
58,"Repaid on time","Clear","Same month","No","f",61781,"No",1450
39,"Paid on time","Clear","Same day","No","m",57982,"No",1300
19,"Repaid on time","Due payment","Same week","No","f",26631,"No",350
64,"Past arrears","Clear","Same week","No","f",90121,"No",1650
51,"Repaid on time","Clear","Same day","No","f",56402,"No",1150
24,"Paid on time","Clear","Same day","No","f",31198,"No",950
44,"Paid on time","Due payment","Same week","Yes","m",62639,"No",1800
56,"Past arrears","Clear","Same week","Yes","f",64170,"No",2150
27,"Past arrears","Clear","Same week","No","m",30337,"No",800
25,"Paid on time","Clear","Same month","No","m",34715,"No",800
43,"Paid on time","Due payment","Same week","No","m",62369,"No",1300
46,"Repaid on time","Clear","Same day","No","m",60001,"No",1400
60,"Paid on time","Due payment","Same day","Yes","m",62138,"No",1800
53,"Repaid on time","Due payment","Same day","No","m",86761,"No",1000
23,"Paid on time","Due payment","Same month","No","f",24036,"No",350
37,"Paid on time","Clear","Same week","No","f",39340,"No",1250
40,"Past arrears","Clear","Same month","No","f",48801,"No",1050
45,"Past arrears","Clear","Same day","No","m",56543,"No",1100
64,"Paid on time","Clear","Same week","No","m",90535,"No",1800
39,"Paid on time","Clear","Same day","No","m",42942,"No",1300
20,"Paid on time","Due payment","Same week","No","m",18298,"No",500
29,"Past arrears","Clear","Same day","Yes","m",37120,"No",1200
47,"Past arrears","Clear","Same month","Yes","m",58881,"No",1500
28,"Past arrears","Clear","Same day","No","f",28193,"No",650
31,"Repaid on time","Due payment","Same day","Yes","f",42370,"No",1250
18,"Paid on time","Clear","Same day","No","m",24042,"No",800
19,"Past arrears","Clear","Same week","No","f",17073,"Yes",450
26,"Repaid on time","Due payment","Same week","Yes","m",30699,"No",900
33,"Paid on time","Clear","Same day","Yes","f",44426,"No",1850
35,"Past arrears","Clear","Same week","No","m",57599,"No",1200
27,"Past arrears","Due payment","Same week","Yes","f",21696,"No",850
52,"Past arrears","Clear","Same week","Yes","f",72490,"No",2050
27,"Past arrears","Due payment","Same day","Yes","m",29117,"No",700
20,"Paid on time","Clear","Same week","No","f",19064,"No",950
42,"Paid on time","Clear","Same week","No","f",49482,"No",1450
44,"Repaid on time","Due payment","Same week","Yes","f",45705,"No",1350
47,"Paid on time","Due payment","Same month","No","f",54721,"No",850
48,"Paid on time","Clear","Same day","No","m",45679,"No",1300
28,"Past arrears","Due payment","Same day","Yes","m",37815,"No",800
45,"Paid on time","Due payment","Same week","Yes","f",46388,"No",1550
57,"Repaid on time","Due payment","Same week","Yes","f",50809,"No",1450
36,"Paid on time","Due payment","Same day","No","m",49975,"No",900
20,"Repaid on time","Due payment","Same month","Yes","f",26690,"No",650
34,"Repaid on time","Clear","Same week","Yes","m",54585,"No",1700
50,"Paid on time","Due payment","Same week","Yes","f",82459,"No",1850
26,"Paid on time","Clear","Same week","Yes","f",33420,"No",1550
44,"Repaid on time","Due payment","Same month","Yes","f",60416,"No",1450
41,"Past arrears","Clear","Same month","Yes","m",53351,"No",1500
58,"Repaid on time","Due payment","Same week","No","f",49213,"No",950
37,"Paid on time","Clear","Same week","No","f",49864,"No",1450
24,"Past arrears","Clear","Same week","Yes","f",35341,"No",1350
22,"Paid on time","Due payment","Same month","Yes","f",22369,"No",850
37,"Past arrears","Clear","Same month","Yes","f",45451,"No",1550
44,"Past arrears","Clear","Same week","Yes","f",50537,"No",1750
48,"Paid on time","Due payment","Same month","Yes","m",60036,"No",1600
37,"Repaid on time","Clear","Same month","Yes","f",51458,"No",1550
44,"Past arrears","Clear","Same day","Yes","m",60276,"No",1900
24,"Past arrears","Clear","Same week","No","m",14481,"No",700
64,"Paid on time","Due payment","Same day","No","m",63509,"No",1300
35,"Past arrears","Clear","Same week","No","m",45434,"No",1200
35,"Past arrears","Due payment","Same month","Yes","f",33154,"No",950
31,"Past arrears","Due payment","Same month","No","m",43574,"No",600
33,"Repaid on time","Clear","Same week","Yes","m",48490,"No",1700
55,"Past arrears","Due payment","Same day","No","f",74098,"No",1050
48,"Past arrears","Clear","Same day","Yes","m",47423,"No",1600
48,"Repaid on time","Due payment","Same month","Yes","f",57673,"No",1150
62,"Past arrears","Clear","Same day","Yes","f",66326,"No",2050
43,"Paid on time","Clear","Same week","Yes","m",52384,"No",1900
24,"Repaid on time","Due payment","Same month","Yes","m",34811,"No",700
37,"Past arrears","Due payment","Same day","Yes","f",38443,"No",1050
26,"Past arrears","Clear","Same month","No","m",24627,"No",500
30,"Repaid on time","Due payment","Same week","No","f",33102,"No",450
23,"Paid on time","Clear","Same month","Yes","m",27272,"No",1200
48,"Repaid on time","Due payment","Same day","No","m",54751,"Yes",400
51,"Paid on time","Clear","Same day","Yes","m",66434,"No",2100
60,"Paid on time","Clear","Same day","Yes","m",69076,"No",2200
47,"Repaid on time","Clear","Same week","No","f",55839,"No",1250
19,"Repaid on time","Due payment","Same week","No","f",19114,"No",350
56,"Past arrears","Clear","Same week","No","m",61938,"No",1600
51,"Repaid on time","Clear","Same day","Yes","m",61412,"No",1900
63,"Paid on time","Clear","Same week","Yes","m",50984,"No",2000
42,"Repaid on time","Clear","Same month","No","f",58419,"No",1050
64,"Paid on time","Due payment","Same week","Yes","f",81542,"No",1950
55,"Paid on time","Clear","Same week","Yes","m",54737,"No",1900
40,"Past arrears","Due payment","Same day","Yes","m",50126,"No",1200
52,"Past arrears","Clear","Same day","No","f",51919,"No",1150
49,"Past arrears","Due payment","Same week","No","f",68459,"No",1150
37,"Repaid on time","Clear","Same week","Yes","f",49578,"No",1750
58,"Repaid on time","Clear","Same month","Yes","f",94631,"No",1950
55,"Paid on time","Clear","Same week","Yes","f",76664,"No",2250
31,"Past arrears","Due payment","Same week","Yes","m",39146,"No",1100
21,"Repaid on time","Clear","Same day","No","f",23213,"No",650
24,"Repaid on time","Clear","Same day","No","m",26863,"No",600
28,"Past arrears","Due payment","Same month","Yes","m",33954,"No",700
52,"Paid on time","Clear","Same week","Yes","m",65229,"No",2200
51,"Repaid on time","Clear","Same week","No","f",73901,"No",1550
37,"Repaid on time","Clear","Same week","Yes","m",39805,"No",1500
64,"Paid on time","Clear","Same month","Yes","m",73624,"No",2100
44,"Paid on time","Clear","Same week","No","f",57905,"No",1450
25,"Paid on time","Clear","Same week","Yes","m",27788,"No",1400
40,"Paid on time","Clear","Same day","Yes","m",42545,"No",1800
20,"Paid on time","Clear","Same month","Yes","m",22702,"No",1200
58,"Past arrears","Clear","Same week","Yes","m",73022,"No",2100
54,"Past arrears","Clear","Same month","No","f",58437,"No",1050
24,"Repaid on time","Due payment","Same month","Yes","f",26253,"No",650
54,"Past arrears","Due payment","Same day","No","f",60360,"No",1050
37,"Past arrears","Clear","Same week","Yes","m",45958,"No",1700
22,"Paid on time","Clear","Same month","Yes","f",26313,"No",1250
56,"Past arrears","Clear","Same day","Yes","m",78185,"No",2000
34,"Past arrears","Clear","Same week","No","m",45157,"No",1200
60,"Paid on time","Clear","Same week","No","f",84635,"No",1850
51,"Paid on time","Clear","Same month","Yes","f",48847,"Yes",1450
60,"Paid on time","Clear","Same month","Yes","m",73755,"No",2100
56,"Paid on time","Due payment","Same day","Yes","f",37660,"No",1350
51,"Repaid on time","Clear","Same month","No","f",64719,"No",1350
27,"Past arrears","Due payment","Same day","Yes","f",22818,"No",750
59,"Paid on time","Clear","Same week","Yes","f",60301,"No",2350
30,"Paid on time","Clear","Same week","No","m",34328,"No",1000
64,"Paid on time","Clear","Same week","No","f",52320,"No",1550
40,"Past arrears","Clear","Same week","No","f",48716,"No",1250
42,"Repaid on time","Clear","Same month","Yes","m",55625,"No",1500
64,"Repaid on time","Clear","Same day","Yes","m",70715,"No",2000
47,"Paid on time","Clear","Same week","Yes","f",45551,"No",1950
18,"Repaid on time","Clear","Same week","Yes","f",19399,"No",1250
30,"Repaid on time","Clear","Same day","Yes","f",47119,"No",1450
19,"Paid on time","Due payment","Same week","Yes","m",23155,"No",1000
62,"Paid on time","Clear","Same week","Yes","f",88744,"No",2350
24,"Past arrears","Clear","Same month","No","f",28834,"No",550
38,"Paid on time","Due payment","Same week","Yes","f",53235,"No",1550
36,"Repaid on time","Clear","Same month","Yes","f",36360,"No",1350
28,"Past arrears","Clear","Same day","No","f",34069,"No",750
52,"Repaid on time","Due payment","Same day","Yes","m",81408,"No",1500
19,"Past arrears","Due payment","Same week","No","m",19280,"No",300
31,"Paid on time","Clear","Same week","No","f",40828,"No",1450
44,"Past arrears","Clear","Same month","No","m",37750,"No",800
47,"Paid on time","Due payment","Same month","Yes","f",45010,"No",1350
59,"Repaid on time","Clear","Same month","Yes","f",82499,"No",1950
35,"Past arrears","Clear","Same month","No","m",56566,"No",1000
57,"Past arrears","Clear","Same week","Yes","m",58476,"No",1800
29,"Past arrears","Due payment","Same month","No","f",30436,"No",250
42,"Paid on time","Clear","Same month","No","f",67107,"No",1550
33,"Paid on time","Clear","Same day","Yes","f",39210,"No",1650
42,"Paid on time","Clear","Same month","No","m",50116,"No",1200
45,"Paid on time","Due payment","Same day","Yes","m",54271,"No",1400
61,"Past arrears","Clear","Same week","Yes","f",54160,"No",1850
53,"Paid on time","Clear","Same month","Yes","m",73593,"No",2000
39,"Past arrears","Due payment","Same day","Yes","m",59691,"No",1200
56,"Past arrears","Clear","Same week","No","f",50293,"No",1350
22,"Repaid on time","Clear","Same day","No","f",35841,"No",750
52,"Past arrears","Clear","Same week","No","f",56692,"No",1250
49,"Past arrears","Due payment","Same week","Yes","m",48185,"No",1300
37,"Past arrears","Clear","Same day","Yes","f",48731,"No",1650
48,"Repaid on time","Clear","Same month","Yes","f",62186,"No",1850
23,"Past arrears","Clear","Same month","Yes","m",22253,"No",1000
64,"Past arrears","Due payment","Same day","Yes","m",98760,"No",1600
42,"Past arrears","Due payment","Same week","No","f",49775,"No",850
35,"Paid on time","Clear","Same week","Yes","m",45029,"No",1900
63,"Past arrears","Clear","Same week","No","f",72540,"No",1650
53,"Past arrears","Due payment","Same week","Yes","m",73321,"No",1600
18,"Paid on time","Clear","Same week","Yes","f",21413,"No",1450
39,"Paid on time","Clear","Same week","No","m",49232,"No",1400
24,"Repaid on time","Clear","Same day","Yes","f",27677,"No",1150
32,"Past arrears","Clear","Same week","No","m",46481,"No",1200
27,"Repaid on time","Due payment","Same week","Yes","m",35747,"No",900
50,"Paid on time","Clear","Same month","Yes","m",59910,"No",1700
38,"Paid on time","Due payment","Same month","No","f",53453,"No",850
23,"Repaid on time","Due payment","Same day","Yes","m",35939,"No",800
20,"Repaid on time","Due payment","Same month","No","f",23577,"No",150
62,"Paid on time","Clear","Same week","Yes","f",79182,"No",2350
50,"Past arrears","Clear","Same month","Yes","m",77468,"Yes",1500
50,"Past arrears","Due payment","Same week","Yes","f",59972,"No",1350
37,"Past arrears","Clear","Same day","Yes","m",58184,"No",1600
28,"Repaid on time","Clear","Same day","Yes","m",37208,"Yes",900
22,"Past arrears","Clear","Same day","Yes","m",25286,"No",1100
26,"Paid on time","Due payment","Same week","No","f",34328,"No",650
52,"Repaid on time","Due payment","Same week","Yes","f",60903,"No",1650
22,"Repaid on time","Due payment","Same week","No","m",23610,"No",300
49,"Paid on time","Due payment","Same month","No","m",74844,"No",1100
26,"Past arrears","Due payment","Same month","No","f",43451,"No",450
62,"Past arrears","Due payment","Same day","Yes","f",91556,"No",1650
43,"Paid on time","Clear","Same month","Yes","f",43545,"No",1750
63,"Paid on time","Clear","Same week","Yes","m",94528,"No",2300
34,"Paid on time","Clear","Same day","No","m",28909,"No",1000
60,"Past arrears","Due payment","Same week","No","m",49261,"Yes",600
27,"Past arrears","Due payment","Same day","Yes","m",35166,"No",800
26,"Paid on time","Clear","Same week","No","f",24312,"No",950
58,"Paid on time","Clear","Same week","No","m",52706,"No",1500
55,"Past arrears","Clear","Same week","No","f",87277,"No",1550
49,"Repaid on time","Clear","Same week","No","f",56714,"No",1250
24,"Past arrears","Clear","Same week","No","f",34892,"No",850
37,"Paid on time","Due payment","Same week","No","m",49538,"No",1000
61,"Past arrears","Clear","Same week","Yes","f",74717,"No",2150
39,"Past arrears","Clear","Same month","No","f",50342,"No",1050
25,"Past arrears","Clear","Same day","No","f",29205,"No",650
62,"Past arrears","Clear","Same week","Yes","f",60737,"No",2150
29,"Past arrears","Clear","Same week","Yes","m",26258,"No",1200
54,"Repaid on time","Clear","Same week","Yes","m",51995,"No",1700
38,"Paid on time","Clear","Same week","Yes","f",52687,"No",1950
51,"Paid on time","Clear","Same day","Yes","f",63238,"No",2150
24,"Paid on time","Clear","Same week","Yes","f",25458,"No",1450
27,"Past arrears","Clear","Same month","Yes","m",33005,"No",1100
20,"Past arrears","Clear","Same day","No","m",20406,"No",600
47,"Paid on time","Due payment","Same week","No","m",35801,"No",800
46,"Repaid on time","Due payment","Same week","Yes","m",50395,"No",1300
55,"Past arrears","Due payment","Same day","Yes","f",71160,"No",1550
28,"Paid on time","Due payment","Same month","Yes","m",34028,"No",900
45,"Paid on time","Due payment","Same week","Yes","f",49626,"No",1550
37,"Paid on time","Due payment","Same day","No","m",47815,"No",900
59,"Paid on time","Clear","Same day","No","f",61791,"No",1750
36,"Past arrears","Clear","Same day","No","f",41891,"No",1150
55,"Paid on time","Clear","Same day","Yes","m",60943,"No",2100
32,"Repaid on time","Due payment","Same day","Yes","m",43289,"No",1200
27,"Repaid on time","Due payment","Same week","No","f",36112,"No",450
22,"Paid on time","Due payment","Same week","No","f",26139,"No",550
46,"Paid on time","Due payment","Same day","Yes","m",42175,"No",1400
22,"Paid on time","Clear","Same week","No","m",33118,"Yes",700
42,"Repaid on time","Due payment","Same day","No","m",50799,"No",700
52,"Past arrears","Clear","Same day","Yes","f",70793,"No",1950
48,"Past arrears","Due payment","Same week","Yes","f",62729,"No",1650
19,"Past arrears","Clear","Same week","Yes","m",19253,"No",1200
35,"Repaid on time","Clear","Same week","Yes","f",46732,"No",1750
26,"Paid on time","Clear","Same week","Yes","m",28216,"No",1400
62,"Repaid on time","Clear","Same week","No","f",80577,"No",1650
38,"Repaid on time","Due payment","Same week","Yes","f",33278,"No",1150
44,"Repaid on time","Clear","Same day","Yes","f",57974,"No",1650
30,"Paid on time","Due payment","Same week","Yes","f",41626,"No",1350
36,"Repaid on time","Due payment","Same month","No","f",51301,"No",650
31,"Repaid on time","Clear","Same day","Yes","f",39148,"No",1450
26,"Past arrears","Due payment","Same month","Yes","f",34699,"No",750
54,"Repaid on time","Due payment","Same month","Yes","m",80848,"No",1400
48,"Repaid on time","Due payment","Same week","Yes","f",58701,"No",1350
42,"Past arrears","Clear","Same day","No","f",49551,"No",1150
58,"Paid on time","Clear","Same day","No","f",62100,"No",1750
53,"Repaid on time","Due payment","Same week","No","m",42082,"No",800
21,"Paid on time","Due payment","Same week","Yes","m",28836,"No",1000
62,"Past arrears","Due payment","Same month","Yes","m",85327,"No",1500
30,"Repaid on time","Due payment","Same day","Yes","m",39790,"No",800
55,"Past arrears","Due payment","Same week","No","m",94249,"No",1100
40,"Past arrears","Due payment","Same week","Yes","m",61295,"No",1600
43,"Repaid on time","Clear","Same day","Yes","m",57693,"No",1600
42,"Past arrears","Due payment","Same month","Yes","f",51027,"No",1150
62,"Past arrears","Due payment","Same day","No","m",60272,"No",1100
43,"Paid on time","Clear","Same day","Yes","m",42420,"No",1800
39,"Past arrears","Clear","Same day","Yes","m",46304,"No",1600
29,"Paid on time","Due payment","Same month","Yes","m",40638,"No",1100
56,"Repaid on time","Due payment","Same day","No","m",61257,"No",1100
52,"Repaid on time","Due payment","Same week","Yes","m",74248,"No",1600
50,"Paid on time","Due payment","Same week","Yes","f",74114,"No",1850
59,"Repaid on time","Clear","Same day","Yes","m",73964,"No",2000
55,"Paid on time","Due payment","Same week","No","f",62432,"No",1350
21,"Repaid on time","Clear","Same day","Yes","m",19270,"No",1100
23,"Paid on time","Due payment","Same week","Yes","f",19236,"No",1050
38,"Repaid on time","Clear","Same week","Yes","f",50716,"No",1750
32,"Repaid on time","Clear","Same week","Yes","f",16877,"No",1450
44,"Past arrears","Clear","Same month","No","f",57867,"No",1050
27,"Past arrears","Clear","Same week","No","f",36328,"No",850
47,"Past arrears","Clear","Same day","Yes","m",42923,"No",1600
37,"Past arrears","Clear","Same week","No","m",31603,"No",1000
57,"Paid on time","Clear","Same week","No","f",56450,"No",1550
31,"Past arrears","Clear","Same day","Yes","m",32065,"No",1400
39,"Paid on time","Clear","Same week","Yes","m",42028,"No",1900
45,"Paid on time","Clear","Same week","Yes","f",50238,"Yes",1650
50,"Paid on time","Due payment","Same week","Yes","f",73410,"No",1850
61,"Paid on time","Clear","Same week","No","m",72135,"No",1800
62,"Paid on time","Due payment","Same day","Yes","f",63992,"No",1850
59,"Past arrears","Clear","Same week","No","f",78525,"No",1650
19,"Paid on time","Due payment","Same month","Yes","f",22209,"No",850
29,"Paid on time","Due payment","Same month","No","f",39262,"No",450
18,"Repaid on time","Due payment","Same week","No","m",22986,"No",300
59,"Past arrears","Clear","Same week","No","m",57405,"No",1300
42,"Repaid on time","Clear","Same week","Yes","f",58171,"No",1750
63,"Repaid on time","Clear","Same day","No","m",76866,"No",1500
34,"Repaid on time","Clear","Same day","No","m",42267,"No",1100
18,"Past arrears","Clear","Same month","No","f",20510,"No",550
31,"Past arrears","Due payment","Same week","No","m",37583,"No",600
29,"Past arrears","Clear","Same day","Yes","m",37192,"No",1200
22,"Past arrears","Due payment","Same week","Yes","m",24448,"No",800
40,"Paid on time","Clear","Same week","No","f",50073,"No",1450
38,"Past arrears","Due payment","Same day","Yes","m",45117,"No",1200
52,"Repaid on time","Due payment","Same week","Yes","m",55882,"No",1300
54,"Past arrears","Due payment","Same day","No","m",57860,"No",700
46,"Repaid on time","Clear","Same month","Yes","f",64671,"No",1850
22,"Repaid on time","Clear","Same day","No","f",24290,"No",650
39,"Past arrears","Clear","Same month","Yes","m",56150,"No",1500
54,"Past arrears","Due payment","Same month","Yes","f",58990,"No",1150
57,"Repaid on time","Clear","Same day","No","f",62031,"No",1550
29,"Paid on time","Clear","Same week","Yes","f",32062,"No",1550
64,"Paid on time","Clear","Same week","No","f",94453,"No",1850
33,"Paid on time","Clear","Same week","Yes","m",27378,"No",1600
47,"Repaid on time","Due payment","Same week","Yes","f",67620,"No",1650
54,"Repaid on time","Clear","Same month","Yes","m",66305,"No",1800
56,"Past arrears","Due payment","Same day","No","m",67688,"No",1100
29,"Past arrears","Clear","Same week","Yes","m",28035,"No",1200
44,"Repaid on time","Due payment","Same week","No","m",61325,"No",1100
33,"Past arrears","Clear","Same week","No","f",46331,"No",1250
32,"Repaid on time","Clear","Same week","Yes","m",44907,"No",1700
34,"Repaid on time","Clear","Same week","No","m",41380,"No",1200
38,"Paid on time","Clear","Same month","Yes","f",38505,"No",1550
31,"Repaid on time","Due payment","Same week","Yes","m",29615,"No",1000
58,"Repaid on time","Clear","Same month","Yes","m",70616,"No",1900
23,"Paid on time","Due payment","Same month","Yes","m",23906,"No",800
38,"Repaid on time","Clear","Same week","Yes","f",36609,"No",1550
42,"Past arrears","Clear","Same week","No","m",61433,"No",1500
51,"Repaid on time","Clear","Same day","No","m",67615,"No",1400
27,"Past arrears","Clear","Same month","Yes","f",32255,"No",1150
23,"Repaid on time","Clear","Same day","Yes","f",28499,"No",1150
56,"Repaid on time","Clear","Same day","No","f",54928,"No",1250
18,"Past arrears","Clear","Same week","Yes","m",21475,"No",1200
39,"Past arrears","Clear","Same day","Yes","f",29042,"No",1350
64,"Paid on time","Clear","Same week","Yes","m",81732,"No",2300
61,"Paid on time","Due payment","Same day","No","f",58282,"No",1050
26,"Paid on time","Due payment","Same month","Yes","m",28852,"No",800
54,"Paid on time","Clear","Same month","Yes","f",51699,"No",1750
20,"Paid on time","Clear","Same month","Yes","f",24509,"No",1250
58,"Paid on time","Clear","Same week","No","f",73726,"No",1850
60,"Repaid on time","Clear","Same week","Yes","f",54859,"No",1850
31,"Paid on time","Clear","Same week","Yes","f",46348,"Yes",1650
40,"Paid on time","Clear","Same week","Yes","m",47079,"No",1900
28,"Past arrears","Clear","Same day","Yes","m",35517,"No",1200
52,"Past arrears","Due payment","Same month","Yes","f",56562,"No",1150
51,"Past arrears","Clear","Same day","No","f",52055,"No",1150
42,"Past arrears","Clear","Same day","No","m",39170,"No",900
53,"Paid on time","Clear","Same week","Yes","f",53400,"No",1950
42,"Repaid on time","Clear","Same month","Yes","f",56570,"No",1550
18,"Paid on time","Clear","Same month","Yes","f",21840,"No",1250
57,"Paid on time","Clear","Same day","No","m",58856,"No",1400
18,"Past arrears","Clear","Same month","No","f",19728,"No",550
59,"Paid on time","Due payment","Same day","No","f",61841,"No",1350
30,"Paid on time","Due payment","Same week","Yes","f",35097,"No",1150
52,"Paid on time","Clear","Same month","No","f",36715,"No",1050
30,"Past arrears","Due payment","Same week","Yes","m",37958,"No",900
22,"Past arrears","Due payment","Same week","No","f",34317,"No",450
63,"Past arrears","Due payment","Same day","No","m",73911,"No",1100
42,"Past arrears","Due payment","Same month","Yes","m",57657,"No",1100
26,"Repaid on time","Clear","Same week","Yes","m",35363,"No",1300
45,"Past arrears","Clear","Same week","Yes","f",46579,"No",1750
61,"Past arrears","Clear","Same week","Yes","f",84246,"No",2150
35,"Past arrears","Due payment","Same week","Yes","m",57049,"No",1300
44,"Past arrears","Due payment","Same month","No","m",62659,"No",900
58,"Paid on time","Clear","Same week","No","f",73244,"No",1850
48,"Past arrears","Clear","Same month","Yes","m",75621,"No",1800
45,"Past arrears","Clear","Same day","Yes","f",76260,"No",1950
36,"Paid on time","Clear","Same week","No","f",50798,"No",1450
28,"Past arrears","Clear","Same month","Yes","m",37349,"No",1100
62,"Paid on time","Clear","Same day","No","f",79164,"No",1750
64,"Past arrears","Due payment","Same week","No","f",54433,"No",950
25,"Paid on time","Clear","Same week","Yes","m",28696,"No",1400
20,"Repaid on time","Clear","Same day","No","m",29648,"No",600
41,"Paid on time","Due payment","Same day","No","m",55154,"No",900
54,"Past arrears","Clear","Same month","Yes","m",80606,"No",1800
62,"Past arrears","Clear","Same week","Yes","f",73723,"No",2150
33,"Paid on time","Due payment","Same month","Yes","m",38811,"No",1100
30,"Past arrears","Clear","Same day","Yes","f",34274,"No",1250
20,"Paid on time","Clear","Same month","Yes","m",19851,"No",1200
23,"Past arrears","Due payment","Same week","Yes","f",19457,"No",850
49,"Past arrears","Due payment","Same day","No","f",59162,"No",750
36,"Paid on time","Due payment","Same week","Yes","f",56454,"No",1550
60,"Past arrears","Due payment","Same day","Yes","m",82650,"No",1600
33,"Paid on time","Due payment","Same day","Yes","m",43686,"No",1400
20,"Repaid on time","Clear","Same day","No","m",24583,"No",600
43,"Repaid on time","Due payment","Same week","No","m",43990,"No",800
21,"Past arrears","Due payment","Same day","No","f",23069,"No",250
44,"Past arrears","Due payment","Same month","Yes","f",49195,"No",1150
49,"Past arrears","Due payment","Same week","No","m",58483,"No",800
43,"Paid on time","Clear","Same week","No","m",44586,"No",1400
20,"Repaid on time","Clear","Same week","Yes","f",30688,"No",1350
34,"Paid on time","Clear","Same month","Yes","m",38202,"No",1500
22,"Paid on time","Due payment","Same month","No","m",24003,"No",300
51,"Repaid on time","Due payment","Same month","Yes","f",70093,"No",1450
42,"Past arrears","Clear","Same month","Yes","f",62421,"No",1850
38,"Past arrears","Clear","Same month","Yes","m",45737,"No",1500
51,"Paid on time","Clear","Same month","No","m",67537,"No",1500
19,"Repaid on time","Due payment","Same month","Yes","m",22486,"No",600
47,"Paid on time","Due payment","Same week","Yes","f",72536,"No",1850
21,"Past arrears","Due payment","Same month","No","m",30054,"No",200
19,"Past arrears","Due payment","Same day","No","m",19036,"No",200
57,"Past arrears","Due payment","Same month","No","m",92795,"No",1000
29,"Past arrears","Due payment","Same week","Yes","m",27625,"No",800
63,"Past arrears","Clear","Same week","No","f",64223,"No",1650
61,"Paid on time","Clear","Same day","No","m",76157,"No",1700
18,"Repaid on time","Clear","Same week","No","f",21561,"No",750
58,"Past arrears","Clear","Same month","No","f",71080,"No",1450
23,"Paid on time","Clear","Same week","Yes","f",30233,"No",1550
40,"Paid on time","Clear","Same day","Yes","f",52579,"No",1850
28,"Repaid on time","Clear","Same week","Yes","f",36483,"No",1350
37,"Paid on time","Due payment","Same week","No","f",35268,"No",850
56,"Past arrears","Due payment","Same week","Yes","m",78863,"No",1700
55,"Paid on time","Clear","Same week","No","m",52078,"No",1400
36,"Past arrears","Clear","Same week","No","f",57061,"No",1250
23,"Paid on time","Clear","Same week","Yes","f",31949,"No",1550
64,"Past arrears","Clear","Same month","Yes","f",65587,"No",1950
64,"Paid on time","Clear","Same day","No","f",59858,"No",1450
41,"Past arrears","Due payment","Same week","Yes","f",41840,"No",1350
51,"Paid on time","Clear","Same week","Yes","f",65987,"No",2250
27,"Past arrears","Due payment","Same day","No","m",25647,"No",200
20,"Paid on time","Clear","Same month","No","f",20081,"No",750
39,"Paid on time","Clear","Same week","No","f",56354,"No",1450
62,"Repaid on time","Clear","Same month","No","m",93932,"No",1400
24,"Past arrears","Due payment","Same week","Yes","m",25123,"No",800
52,"Past arrears","Clear","Same month","No","f",64574,"No",1350
18,"Past arrears","Due payment","Same day","Yes","f",19140,"No",750
56,"Repaid on time","Due payment","Same week","Yes","f",80087,"No",1750
56,"Past arrears","Clear","Same month","No","f",84186,"No",1450
56,"Repaid on time","Clear","Same month","Yes","f",70863,"Yes",1650
32,"Repaid on time","Due payment","Same month","Yes","f",39134,"No",950
61,"Paid on time","Clear","Same week","No","m",84241,"No",1800
31,"Repaid on time","Clear","Same week","No","m",37830,"No",1000
22,"Paid on time","Due payment","Same week","Yes","f",29189,"No",1050
30,"Past arrears","Clear","Same week","Yes","f",44115,"No",1550
35,"Repaid on time","Clear","Same week","No","m",40226,"No",1200
49,"Repaid on time","Clear","Same day","No","f",57105,"No",1150
38,"Paid on time","Clear","Same week","No","m",48600,"No",1400
20,"Paid on time","Clear","Same week","Yes","m",15641,"No",1400
36,"Past arrears","Clear","Same week","No","m",46051,"No",1200
52,"Past arrears","Clear","Same month","Yes","m",72280,"No",1800
51,"Paid on time","Due payment","Same week","No","f",52963,"No",1050
64,"Paid on time","Clear","Same month","Yes","m",39913,"No",1600
50,"Paid on time","Clear","Same week","No","f",62914,"No",1750
46,"Paid on time","Clear","Same week","No","f",40817,"No",1450
34,"Paid on time","Due payment","Same week","No","m",39480,"No",800
48,"Past arrears","Due payment","Same week","No","f",47147,"No",850
19,"Repaid on time","Clear","Same day","No","f",27699,"No",650
23,"Repaid on time","Due payment","Same week","Yes","m",20813,"No",800
43,"Past arrears","Due payment","Same day","Yes","f",51870,"No",1250
39,"Repaid on time","Clear","Same day","Yes","f",51220,"No",1650
56,"Past arrears","Due payment","Same week","Yes","f",71258,"No",1750
20,"Past arrears","Clear","Same week","No","f",20406,"No",750
47,"Past arrears","Due payment","Same day","Yes","f",42740,"No",1250
42,"Paid on time","Clear","Same month","Yes","m",58883,"No",1700
30,"Past arrears","Clear","Same week","No","m",43280,"No",1000
44,"Past arrears","Clear","Same week","Yes","m",52470,"No",1700
30,"Paid on time","Clear","Same month","Yes","f",45767,"No",1550
44,"Paid on time","Due payment","Same week","Yes","f",44950,"No",1550
40,"Paid on time","Due payment","Same day","No","f",39320,"No",750
37,"Paid on time","Clear","Same week","No","m",43823,"No",1400
39,"Past arrears","Clear","Same month","No","f",36632,"No",850
32,"Repaid on time","Clear","Same week","Yes","f",45817,"No",1750
40,"Paid on time","Clear","Same week","No","m",43997,"No",1400
18,"Past arrears","Clear","Same week","No","f",18828,"No",750
27,"Paid on time","Clear","Same week","No","m",30447,"No",1000
33,"Paid on time","Clear","Same month","No","f",41531,"No",1250
54,"Paid on time","Clear","Same week","Yes","m",66614,"No",2200
53,"Repaid on time","Clear","Same month","No","f",52314,"No",1050
42,"Past arrears","Clear","Same day","Yes","f",66092,"No",1950
27,"Past arrears","Clear","Same week","No","f",26509,"No",750
29,"Paid on time","Clear","Same month","Yes","f",50577,"No",1550
18,"Past arrears","Clear","Same day","Yes","f",18299,"No",1150
44,"Paid on time","Clear","Same week","No","m",54886,"No",1400
36,"Paid on time","Clear","Same month","Yes","m",27151,"No",1400
59,"Past arrears","Due payment","Same week","No","f",83806,"No",1250
25,"Repaid on time","Due payment","Same day","Yes","m",28703,"No",700
63,"Past arrears","Due payment","Same week","Yes","m",66728,"No",1700
43,"Past arrears","Clear","Same month","Yes","m",43734,"No",1500
49,"Past arrears","Due payment","Same month","Yes","m",67148,"No",1400
60,"Paid on time","Due payment","Same week","No","m",86387,"No",1400
59,"Paid on time","Clear","Same day","Yes","m",68678,"No",2200
50,"Past arrears","Due payment","Same day","Yes","m",62632,"No",1500
54,"Past arrears","Due payment","Same week","Yes","f",55456,"No",1350
60,"Past arrears","Clear","Same day","Yes","f",96724,"No",2050
42,"Paid on time","Clear","Same day","No","m",55219,"No",1300
24,"Paid on time","Due payment","Same month","Yes","m",31761,"No",900
38,"Repaid on time","Clear","Same week","Yes","f",56159,"No",1750
27,"Past arrears","Clear","Same week","Yes","m",38848,"No",1300
20,"Repaid on time","Clear","Same day","Yes","f",25502,"No",1150
41,"Repaid on time","Clear","Same week","No","f",65646,"No",1550
64,"Paid on time","Due payment","Same month","No","f",87570,"No",1250
43,"Past arrears","Clear","Same day","No","f",56809,"No",1150
64,"Paid on time","Clear","Same month","No","m",77018,"No",1600
22,"Paid on time","Clear","Same week","No","f",28075,"No",950
34,"Paid on time","Clear","Same week","Yes","f",37810,"No",1750
47,"Repaid on time","Clear","Same week","No","f",41571,"No",1250
34,"Paid on time","Due payment","Same month","No","m",45740,"No",800
57,"Repaid on time","Due payment","Same month","Yes","f",76128,"No",1550
27,"Repaid on time","Clear","Same month","Yes","m",30588,"No",1100
29,"Repaid on time","Due payment","Same day","Yes","f",34664,"No",850
48,"Repaid on time","Clear","Same week","No","f",53023,"No",1250
28,"Paid on time","Clear","Same month","Yes","m",42428,"No",1500
23,"Repaid on time","Clear","Same week","Yes","f",17441,"No",1250
47,"Past arrears","Clear","Same week","Yes","m",55765,"No",1700
18,"Past arrears","Clear","Same day","Yes","m",18433,"No",1100
30,"Past arrears","Clear","Same day","No","m",38643,"No",700
31,"Paid on time","Clear","Same day","No","m",42275,"No",1300
25,"Paid on time","Clear","Same day","No","f",34117,"No",950
41,"Past arrears","Due payment","Same month","Yes","f",48433,"No",1150
40,"Paid on time","Clear","Same day","Yes","f",41777,"No",1850
50,"Past arrears","Clear","Same day","Yes","m",71107,"No",1900
64,"Paid on time","Due payment","Same month","Yes","f",84657,"No",1750
27,"Past arrears","Clear","Same month","No","f",33753,"No",650
55,"Paid on time","Due payment","Same week","No","f",67812,"No",1350
25,"Past arrears","Clear","Same month","No","f",23574,"No",550
24,"Past arrears","Clear","Same month","No","m",24022,"No",500
34,"Paid on time","Clear","Same week","No","f",44313,"No",1450
47,"Past arrears","Clear","Same week","No","m",54337,"No",1200
41,"Paid on time","Clear","Same month","Yes","m",47688,"No",1700
39,"Paid on time","Clear","Same week","Yes","f",53897,"No",1950
35,"Paid on time","Due payment","Same week","Yes","f",42522,"No",1550
23,"Repaid on time","Due payment","Same month","No","m",26120,"No",100
30,"Repaid on time","Clear","Same week","Yes","f",39684,"No",1350
44,"Repaid on time","Clear","Same week","Yes","f",50651,"No",1750
30,"Repaid on time","Due payment","Same month","No","f",36039,"No",250
18,"Repaid on time","Clear","Same week","Yes","m",24653,"No",1200
30,"Past arrears","Clear","Same week","No","m",37739,"No",800
54,"Paid on time","Clear","Same month","Yes","m",67435,"No",2000
53,"Past arrears","Due payment","Same day","Yes","f",70639,"No",1550
53,"Past arrears","Due payment","Same week","Yes","m",65456,"No",1600
45,"Past arrears","Due payment","Same month","Yes","m",69342,"No",1400
