train_type,content,result
TEST,catch up soon,goodbye
TEST,"Hi team , Can you send me the xx",others
TEST,"Rescue of bonded labourers up, convictions rare",others
TEST,I have been on hold for 20 minutes,others
TEST,"anyone there , do you support retail domain problem statement",others
TEST,"Good Morning , redirect me to a human",escalate
TEST,ok bye,goodbye
TEST,"Hi Team , I would like to . Thanks",others
TEST,What's up dear?,greeting
TEST,can I talk to human rightaway,escalate
TEST,how are you doing,greeting
TEST,thank you again,thanks
TEST,Karnataka bypolls: Congress shocks BJP in Ballari,others
TEST,how is your morning so far,greeting
TEST,Thanks for the reply hopefully get it taken care of,thanks
TEST,atleast provide me the ETA,others
TEST,"Hi There , There is everything you need to enjoy your favorite sports:",others
TEST,always a pleasure to see you,greeting
TEST,"I need help, Please help me connect to agent",escalate
TEST,any human responses ?,escalate
TEST,Exactly what I want. thanks,thanks
TEST,thanks again,thanks
TEST,Thanks but NO WAY,thanks
TEST,Thanks Shop,thanks
TEST,Thanks Tikona and bye!,thanks
TEST,"Hi there , I want to escalate",escalate
TEST,off,goodbye
TEST,"Hi There, I am waiting from past few days with no response",others
TEST,"Good Morning , Policy paper on aftercare for young adult orphans to be released",others
TEST,other,others
TEST,"Hi team , ETA is not provided at all from long time",others
TEST,"Hi , cheers mate",goodbye
TEST,Six Indian players to be trained by Kramnik in Switzerland,others
TEST,"Hello , I asked you to cancel",others
TEST,"Hi Good Afternoon , Over 1000 plus global educators expected at the",others
TEST,"Hi there , There are thousands of teams and over hundred of leagues",others
TEST,REALLY bad maintainance.,others
TEST,learnt a lot working with you. thank you,thanks
TEST,Nowhera Shaikh: Single mother in burqa ran,others
TEST,fed up of telling too many times,others
TEST,Govt official recives pension after the age 70,others
TEST,"Morning , Indian Navy admit card released for AA & SSR February 2020 exam",others
TEST,hiiiiiii,greeting
TEST,Thanks for all your guidance and support,thanks
TEST,goodbye,goodbye
TEST,you're so annoying,others
TEST,"Hi Good Morning Everyone , Untill we meet everyone. GoodBye",goodbye
TEST,"Hi Mate , How are you",greeting
TEST,"Hi Good Afternoon ,Waiting for long time with no reply",thanks
TEST,"The Wall is going up very fast despite total Obstruction by Democrats in Congress, and elsewhere!",others
TEST,Have a great day grasshopers,greeting
TEST,"Hi Team , Scholarship Alert: Apply for Faculty of Science",others
TEST,can i also have the credit card number and cvv number please ..,others
TEST,Thank you so much for reaching out,thanks
TEST,how's your day going,greeting
TEST,"Good Morning, give me your manager details",escalate
TEST,how is your life,greeting
TEST,Nothing much,others
TEST,"Hello team , can you please help me with password",others
TEST,UP govt planning over 202-metre Ram statue structure,others
TEST,"Amit Shah-led group of ministers to take call on Air India reserve price, debt",others
TEST,can I would with am you the could please yours can I would with am you the could please yours can I would with am you the could please yours can I would with am you the could please yours can I would with am you the could please yours can I would with am you the could please yours can I would with am you the could please yours can I would with am you the could please yours can I would with am you the could please yours can I would with am you the could please yours can I would with am you the could please yours can I would with am you the could please yours can I would with am you the could please yours can I would with am you the could please yours can I would with am you the could please yours can I would with am you the could please yours can I would with am you the could please yours can I would with am you the could please yours can I would with am you the could please yours can I would with am you the could please yours can I would with am you the could please yours ,others
TEST,nope sorry,others
TEST,escalate the issue further,escalate
TEST,The sky's up but I'm fine thanks. What about you?,greeting
TEST,"Hi there , take care ",goodbye
TEST,Still very poor action  service!,others
TEST,Ball in FinMin's court over GST rate cut for automobiles: Gadkari,others
TEST,wishing you bet of luck for your future,greeting
TEST,great thank you,thanks
TEST,no don't do that,others
TEST,Thank you…,thanks
TEST,Union Budget 2019: What happens to your taxes,others
TEST,"Modi not only a Twitter sensation, but on FB, Insta as well",others
TEST,I wish to talk to an agent,escalate
TEST,Would like to change my contact information,others
TEST,"Fine , and you ?",greeting
TEST,I am mad at you,others
TEST,good what's up,greeting
TEST,"Hi All , may I request you to. Thanks",others
TEST,"Hi Good Morning Everyone , Thanks one and all for the support",thanks
TEST,"Good Everning , cancel the food",others
TEST,no it isn't,others
TEST,"Hi Everyone , can you please cancel",others
TEST,"terrible , bad , horrible , waste , disgusting , useless , awful , worthless , annoying , irritiating , lame , enraged , furuois , angry , mad",others
TEST,Can someone help me about making withdrawls abroad!,others
TEST,no do not,others
TEST,good morning there,greeting
TEST,I hope you're doing well,greeting
TEST,okay see you later,goodbye
TEST,Thanks TIKONA and regards,thanks
TEST,I am angry with you,others
TEST,'Bang Bang': Nicki Minaj stuns fans with retirement announcement,others
TEST,"Hi Good Morning Team , Nokia 6.2: First impressions",others
TEST,service flow in HK sucks,others
TEST,how are you getting on,greeting
TEST,"Hi , I don’t want bot responses. can you redirect me to a human",escalate
TEST,King Carlsen takes domination to new level in chess,others
TEST,hello there,greeting
TEST,leaving now,goodbye
TEST,British Airways says almost all UK flights cancelled,others
TEST,heya,greeting
TEST,"Pick a team, player, league or sport and let the app load the articles in ""My Teams"" section.",others
TEST,"hello team , Could sport game begin",others
TEST,I am confused about the results published,others
TEST,"can you understand tamil , Hindi",others
TEST,going now. goodbye,goodbye
TEST,let's catch up as soon as possible,goodbye
TEST,PM Modi to address rally in Nashik on September 19: BJP official,others
VALIDATE,Nothing much. You?,greeting
VALIDATE,nice to see you again,greeting
VALIDATE,nice to talk to you,greeting
VALIDATE,"Hi Team , may I know times",others
VALIDATE,I am surprised about the xxx,others
VALIDATE,bye byes,goodbye
VALIDATE,Thanks for the review Scott,thanks
VALIDATE,"HI team , I would like to book flipkart vouchers",others
VALIDATE,"Hi Team , Thank you all for the quick update",thanks
VALIDATE,"HI Team , how many times do I need to follow up",others
VALIDATE,how many times to tell,others
VALIDATE,"Hi , I need a one-one conversation with your higher management team",escalate
VALIDATE,nice meeting you,greeting
VALIDATE,I think this is exactly what I was looking for. Sign me up. thanks,thanks
VALIDATE,I am not sure about the sprint,others
VALIDATE,just wanted to say hi,greeting
VALIDATE,Hope you are doing fine,greeting
VALIDATE,hello hi,greeting
VALIDATE,"Good Everning , I am waiting to speak to your manager",escalate
VALIDATE,"Good Afternoon , It's time to cancel",others
VALIDATE,The #USMCA is the modern trade deal that hardworking Americans across the country deserve. The time for Congress to put Americans FIRST and pass the #USMCA!,others
VALIDATE,what's up today,greeting
VALIDATE,have a great day ahead,greeting
VALIDATE,thanx,thanks
VALIDATE,"Hi there , Need to speak to your manager",escalate
VALIDATE,resign,goodbye
VALIDATE,drop off the provider,goodbye
VALIDATE,"hello, nod, ovation, salute, accosting, aloha, blow, ciao, hail, heralding, highball, how-do-you-do, howdy, regards, respects, rumble, salaam, salutation, best wishes, good wishes, high five, ushering in, welcome, yo, Sup, Whazzup?",greeting
VALIDATE,"Social media integration is excellent, everything is shareable. There are notifications for fire news",others
VALIDATE,I'm fine and you,greeting
VALIDATE,"Hi team , I would like to know the  ML Score",others
VALIDATE,"The app gives much information about the sporting world, including interviews and video",others
VALIDATE,bye bye see you,goodbye
VALIDATE,I don't talk to bots. I need a human representative,escalate
VALIDATE,You can set notifications on your own personalized sports news ,others
VALIDATE,nice to meet you too,greeting
VALIDATE,hi i need to speak to somebody about a creditcard i used to have can somebody direct message me,others
VALIDATE,bye bye bye,goodbye
VALIDATE,Could be  better,others
VALIDATE,thank you so much,thanks
VALIDATE,hope your day is going well,greeting
VALIDATE,Thank you for all the support,thanks
VALIDATE,untill next time,goodbye
VALIDATE,hey there,greeting
VALIDATE,"hello, Hi, Hey, Hii, HIIIII, hey, hu, hellllo, hiiiii",greeting
VALIDATE,"annoyed, bitter, enraged, exasperated, furious, impassioned, indignant, irritated, offended, outraged, resentful, sullen, uptight, affronted, antagonized, chafed, choleric, convulsed, displeased, exacerbated, ferocious, fierce, fiery, fuming, galled, hateful, huffy, ill-tempered, incensed, inflamed, infuriated, irascible, ireful, maddened, nettled, piqued, provoked, raging, riled, sore, splenetic, storming, sulky, tumultous/tumultuous, turbulent, vexed, wrathful",others
VALIDATE,great,thanks
VALIDATE,Not so great,others
VALIDATE,dissatisifed effort,others
VALIDATE,"Good Morning, It was pleasure meeting you",goodbye
VALIDATE,you are irritating,others
VALIDATE,"Morning , call your product owner",escalate
VALIDATE,help,help
VALIDATE,Okay,thanks
VALIDATE,Can u check my payments from your client please?,others
VALIDATE,"can you let me know the ML , DL Algos Used",others
VALIDATE,"Thanks...this has a Bold taste, a refreshing treat",thanks
VALIDATE,Thanx for your help,thanks
VALIDATE,"Hi Good Afternoon ,Worst Service",others
VALIDATE,"Hey, can you help in changing my name",others
VALIDATE,"Hi Good Morning Everyone , Thank you.",thanks
VALIDATE,"Hi , I would like to cancel",others
VALIDATE,"Hi Team , musics are soulful",others
VALIDATE,I just need my deposit that's all.,others
VALIDATE,Gaana.com is the largest Indian commercial music streaming service with over 110 million monthly users,others
VALIDATE,closed the request,goodbye
VALIDATE,"Chennai most prone to cyberattacks among Indian metros, study finds",others
VALIDATE,I'm being mad,others
VALIDATE,how is your evening,greeting
VALIDATE,I don't want to,others
VALIDATE,"Hello , could you please help in setting up network",others
VALIDATE,"Hi Good Morning ,Worst Service",others
VALIDATE,"MV Act: 'Want to save lives, not earn money'",others
VALIDATE,I want to talk to someone who can help me here,escalate
VALIDATE,"Hi Good Morning Team , iPhone 11 Pro and iPhone 11 Pro Max: First impressions",others
VALIDATE,escalation,escalate
VALIDATE,"I was able to redirect to the correct team , Thank you",thanks
VALIDATE,how are you doing this morning,greeting
VALIDATE,Indian farming is defying the laws of economics,others
VALIDATE,hi there,greeting
VALIDATE,it's been on hold for very long time,others
VALIDATE,Very Happy for you,greeting
VALIDATE,can you create a xxx,others
VALIDATE,"Hi there , dropping off",goodbye
VALIDATE,How do I change the font size for the Lloyds Bank site without affecting all the other websites,others
VALIDATE,"Hello Everyone , I want your help on solving bug",others
VALIDATE,"Hi Good Morning ,Time to say goodbye",goodbye
VALIDATE,willing to take off,goodbye
VALIDATE,"Hi , waited for very long time",others
VALIDATE,"Hi Good Morning Everyone , Time to say goodbye",goodbye
VALIDATE,are you alright,greeting
VALIDATE,British Airways faces first global pilots' strike,others
VALIDATE,How Nirmala Sitharaman put up an all round show in,others
VALIDATE,Taylor Swift fans descend on Paris for 'City of Lover' concert,others
VALIDATE,I want to speak to your director now,escalate
VALIDATE,Why failure is the fuel for a trip to Moon,others
VALIDATE,perfect thank you,thanks
VALIDATE,hold for long time,others
VALIDATE,When will Apple Pay be available with Barclays please,others
VALIDATE,lovely day,greeting
TRAIN,G'day mate,greeting
TRAIN,how's your day,greeting
TRAIN,what's happened,greeting
TRAIN,pleasure meeting you,goodbye
TRAIN,"Hey , this is Abhi",greeting
TRAIN,I'm fine Thanks. How about you,greeting
TRAIN,"HDFC Bank doubles mid-corporate loan book to over Rs 90,000 cr in 3 years",others
TRAIN,It was good to meet you,greeting
TRAIN,US will sanction whoever purchases Iran's oil :,others
TRAIN,please buy phone,others
TRAIN,I am Bot. How are you doing today,greeting
TRAIN,you are awfull,others
TRAIN,how are you today,greeting
TRAIN,Nokia 7.2 quick review: Impressive looks,others
TRAIN,They greeted me,greeting
TRAIN,"Good Morning, give me your superviser details",escalate
TRAIN,is everything okay,greeting
TRAIN,"This offer is a great price and a great taste, thanks Amazon for selling this product.<br /><br />Staral",thanks
TRAIN,"Hi there , can you pelase. Thanks",others
TRAIN,long time no see,greeting
TRAIN,glad to see you too,greeting
TRAIN,"Hi Good Morning ,Untill we meet everyone. GoodBye",goodbye
TRAIN,I would like to xxx,others
TRAIN,how are you going,greeting
TRAIN,fake,others
TRAIN,Hiya,greeting
TRAIN,"Slow, horrible customer action > service!!",others
TRAIN,bye bye see you soon,goodbye
TRAIN,not at all happy  performance,others
TRAIN,"Bengaluru:  poker addict vice-president, his aide arrested for fraud",others
TRAIN,I will exit,goodbye
TRAIN,you are annoying,others
TRAIN,"Hello Team , glad to meet you",greeting
TRAIN,are you okay,greeting
TRAIN,There is a virtual reality section where you can get a 360 view of fans to take a look at all the action,others
TRAIN,Don't trust them penny.,others
TRAIN,"Hi All , Apple iPhone 11, iPhone 11 Pro, iPhone 11 Pro Max launched: Prices, features and more",others
TRAIN,Irdai asks public not to fall prey to fictitious calls offering higher policy benefits,others
TRAIN,follow up ,others
TRAIN,how are you,greeting
TRAIN,"Hello team , cricket is sports",others
TRAIN,"I am not sure, how much do I need to thank you",thanks
TRAIN,Saudi Arabia has a new energy minister: What it,others
TRAIN,"I have an issue , can you connect me to an agent",escalate
TRAIN,Thanks see you later,thanks
TRAIN,that was funny,others
TRAIN,it's been a pleasure talking to you,greeting
TRAIN,"Good Afternoon , no ETA provided. waited from long time",others
TRAIN,"gd bye, good bye, bye, Bye, BYE, gb, good byeeee, byeeee, byeeee, Gooood  Byeee",goodbye
TRAIN,what is up,greeting
TRAIN,quit per se,goodbye
TRAIN,what's cooking,greeting
TRAIN,thx a lot,thanks
TRAIN,what the,others
TRAIN,It's been a while talking to you,greeting
TRAIN,Worst service I ever dealt !,others
TRAIN,Thx,thanks
TRAIN,never expectred this from you,others
TRAIN,What's up these days?,greeting
TRAIN,PM trying to divert attention from real issues: Asaduddin Owaisi,others
TRAIN,Norms for publishing research to be tweaked for medical teachers,others
TRAIN,thanks bye bye,goodbye
TRAIN,"Hello team , football baseball",others
TRAIN,nice to see you,greeting
TRAIN,Ta Ta,goodbye
TRAIN,Apple quietly launches new variant of iPhone 8 and iPhone 8 Plus in India,others
TRAIN,I am completely unsatisfied with the service even after follow up,others
TRAIN,"Morning , Thank you for making it smooth.",thanks
TRAIN,you're a very funny bot,others
TRAIN,"good bye bot , it was pleasure working",goodbye
TRAIN,Expertspeak: 'Turbulence in insolvency process of Jet Airways',others
TRAIN,absolutely not,others
TRAIN,just going to say hi,greeting
TRAIN,Thanks Beau. Well wishes to you and yours.,thanks
TRAIN,Can they remove the fees?,others
TRAIN,"Hi there , Meet this Afghan boy whose fascination for Bollywood",others
TRAIN,"Morning , can you call your manager",escalate
TRAIN,nice speaking with you. bye,goodbye
TRAIN,Thanks & Regards-,thanks
TRAIN,Can I talk to your manager,escalate
TRAIN,when we get ETA atleast,others
TRAIN,"Rapper Meek Mill pleads guilty to gun charge, ending decade-long court fight: media",others
TRAIN,good evening,greeting
TRAIN,"Hi Bot , I would like to get the details",others
TRAIN,"Hi , time to bid adeu",goodbye
TRAIN,"Morning , I want to escalate further to director",escalate
TRAIN,never,others
TRAIN,Hi team keypad is fine,others
TRAIN,how do you do,greeting
TRAIN,a good day,greeting
TRAIN,close the request. Thanks,goodbye
TRAIN,Didi won't enforce hefty fines for traffic violations,others
TRAIN,Help me connect to a customer representative,escalate
TRAIN,cancel,cancel
TRAIN,how has your day been,greeting
TRAIN,I need credit card.,others
TRAIN,why no one is hearing our problems,others
TRAIN,We've planned well for Australia tour: Murali Vijay,others
TRAIN,please can you send me email?,others
TRAIN,"As 9/11 dawns, Trump blasts Fed members as",others
TRAIN,quit SIT,goodbye
TRAIN,now bye,goodbye
TRAIN,Hi word,others
TRAIN,what's up budy.,greeting
TRAIN,how funny you are,others
TRAIN,"hello team , may times of india",others
TRAIN,"Hi Good Afternoon ,Thanks a lot for your help",thanks
TRAIN,I went to this Cafe in South bombay,others
TRAIN,"Hello, how can I transfer a positive account balance from my credit card to my current account",others
TRAIN,no I would not,others
TRAIN,Apple iPhone 11 Pro Max vs iPhone XS Max: Comparison between most-expensive 2019 iPhone with its predecessor,others
TRAIN,great to see you,greeting
TRAIN,"Hi team , can you build chatbots",others
TRAIN,Hi There,greeting
TRAIN,"there , good bye",goodbye
TRAIN,no sorry,others
TRAIN,how is your day going on,greeting
TRAIN,nice talking to you,greeting
TRAIN,good morning to you,greeting
TRAIN,good to see you,greeting
TRAIN,waiting too much time,others
TRAIN,Happy,greeting
TRAIN,hello,greeting
TRAIN,Thanks& keep it up,thanks
TRAIN,he greets him every morning,greeting
TRAIN,I will miss you bot,goodbye
TRAIN,hope to see you later,goodbye
TRAIN,terrific thank you,thanks
TRAIN,"Hi there , can you help",others
TRAIN,long time no see,greeting
TRAIN,how are you theese days,greeting
TRAIN,It was so good to speak with you. Thank you,goodbye
TRAIN,leaving the cobersation right now,goodbye
TRAIN,can I open bank account,others
TRAIN,"anyone there , just bought new jackets",others
TRAIN,"Hey, It was pleasure meeting you",goodbye
TRAIN,thank you for your help,thanks
TRAIN,"Hi All , please open an account",others
TRAIN,waited for long time,others
TRAIN,completely dissatisfied with the product,others
TRAIN,"Good Afternoon All , change my address",others
TRAIN,howdy,greeting
TRAIN,hiii hiiiiii Hiii Hiiii hellllo hlllo hellllo,greeting
TRAIN,let's catch up soon,goodbye
TRAIN,the bot is useless,others
TRAIN,Is your debt dragging the economy down?,others
TRAIN,Dutch port city of Rotterdam to host 2020 Eurovision Song Contest,others
TRAIN,"worst app , Fake really",others
TRAIN,good morning everyone,greeting
TRAIN,"Good Evening , I really want to speak to a human",escalate
TRAIN,How are you mate,greeting
TRAIN,leave me alone,goodbye
TRAIN,Greetings!,greeting
TRAIN,"Good Afternoon All , no reply from past 1 hour",others
TRAIN,you can call me. Thanks,thanks
TRAIN,you're the funniest bot I've talked to,others
TRAIN,"Hi There , Could you please. Thanks",others
TRAIN,thanks.,thanks
TRAIN,good to see you again,greeting
TRAIN,I'm doing well. How are you?,others
TRAIN,nice to meet you,greeting
TRAIN,"Telco wars: Bharti Airtel launches 1Gbps broadband offering at Rs 3,999/month",others
TRAIN,completely dissatisfied,others
TRAIN,"Hi team , Do I still need to wait. this is insane",others
TRAIN,can you tell me more in details regarding your product,others
TRAIN,how has your day been going,greeting
TRAIN,pleasure working. good bye,goodbye
TRAIN,"Hello , open bank account",others
TRAIN,"Hi, nice to meet you",greeting
TRAIN,GE All,greeting
TRAIN,pathetic bot and dumb,others
TRAIN,don t have a sense,others
TRAIN,Thanks for the availability,thanks
TRAIN,"Hi Good Morning Everyone , Take care",goodbye
TRAIN,"Good Everning , help me please on the request raised",others
TRAIN,thanks for  the entire team,thanks
TRAIN,it was nice meeting you,greeting
TRAIN,Round of applause Lloyds for sending me yet another bank charge when your machines are down at my local branch,others
TRAIN,how is your day going,greeting
TRAIN,How’s everything,greeting
TRAIN,don't,others
TRAIN,"Hi Good Morning , UK students get sneak-peak of Shankarapura Mallige",others
TRAIN,Loved the food. Thanks,thanks
TRAIN,how are you feeling,greeting
TRAIN,"Hey There , can I suggest to. Thanks",others
TRAIN,can anyone get back to my request,others
TRAIN,hey I want to talk to an agent,escalate
TRAIN,"hi, my new card is with the classic account, & I have just upgraded acc to club lloyds",others
TRAIN,Thanks for tweeting!,thanks
TRAIN,you make me laugh a lot,others
TRAIN,"Hi Good Morning Team , Timex Helix Gusto fitness band: First impressions",others
TRAIN,you annoy me,others
TRAIN,This is the first look of the OnePlus TV remote,others
TRAIN,I love this service. Thanks,thanks
TRAIN,ASD worst Sevice EVER,others
TRAIN,"New iPhones to come to India from Sep 27 for Rs 64,900 onwards; old versions get price cuts",others
TRAIN,glad to meet you,greeting
TRAIN,"hi there , could you please send me xxxx",others
TRAIN,Morning Everyone,greeting
TRAIN,how annoying you are,others
TRAIN,thank you my friend,thanks
TRAIN,"hey all , I need to",others
TRAIN,how is it going,greeting
TRAIN,not this time,others
TRAIN,no forget,others
TRAIN,How do you do man?,greeting
TRAIN,I would like to know the xx,others
TRAIN,"Guys , Indian students are embracing new study areas to be",others
TRAIN,Good Morning,greeting
TRAIN,no I don't,others
TRAIN,Good Morning Everyone,greeting
TRAIN,"anyone there , buy new xx",others
TRAIN,okay bye,goodbye
TRAIN,"Hello , waste work",others
TRAIN,hi good morning,greeting
TRAIN,no thank you that's all,thanks
TRAIN,Hi Mate. Thanks for your help,others
TRAIN,"Hi All , I want to talk to human right away",escalate
TRAIN,MCI launches foundation course for MBBS students,others
TRAIN,"Real-time news, scores, and stats with CBS Sports app are at your fingertips",others
TRAIN,"Hi team , laptop",others
TRAIN,Divya Deshmukh youngest from Maharashtra to win medal at National,others
TRAIN,wishing you loads of happiness,greeting
TRAIN,see you,goodbye
TRAIN,can you help me in changing the address,others
TRAIN,can you let me know the best action,others
TRAIN,Hey Good Morning,greeting
TRAIN,that's all goodbye,goodbye
TRAIN,Not too much,others
TRAIN,hung up on last night.,others
TRAIN,"Hellllo , how do you do",greeting
TRAIN,you are annoying me,others
TRAIN,I hope you're having a great week,greeting
TRAIN,have a nice morning,greeting
TRAIN,have a great morning,greeting
TRAIN,how is your day,greeting
TRAIN,Leo Burnett bags Airtel mandate,others
TRAIN,"Hi There , Thank you !",thanks
TRAIN,Worst duty ever no help in 5 years!,others
TRAIN,see you again,goodbye
TRAIN,what's shaking,greeting
TRAIN,thanks a lot,thanks
TRAIN,BBC Sport is another great app for sports news and coverage,others
TRAIN,I'm not,others
TRAIN,"Good Morning, Join India's first luxury holiday membership",others
TRAIN,I hope you're having a wonderful day,greeting
TRAIN,Farewell da,goodbye
TRAIN,no don't,others
TRAIN,Hello from the other side,greeting
TRAIN,farewell buddy,goodbye
TRAIN,what  the hell. useless app,others
TRAIN,"Hi team , may I know the account",others
TRAIN,Bleacher Report app is focused on national sports coverage.,others
TRAIN,"Good Morning , set up a meeting with your team lead",escalate
TRAIN,"Good Morning All , Waited for very long time",others
TRAIN,"Good Morning Everyone , Thank you seriously",thanks
TRAIN,so nice of you,thanks
TRAIN,Mick Jagger swaps stage for set in art thriller 'The Burnt Orange Heresy',others
TRAIN,Fresh snags: IndiGo grounds two A320 Neo aircraft for PW engine replacement,others
TRAIN,"Bengaluru woman takes 15 tablets for headache, dies",others
TRAIN,asshole the bot is ,others
TRAIN,"Good Afternoon All , can I change my address",others
TRAIN,wishing you a very happy new year,greeting
TRAIN,GE All,greeting
TRAIN,"Good Morning Team , can you tell me the password",others
TRAIN,"Hello Everyone , could you please cancel",others
TRAIN,"Not much, how about you?",greeting
TRAIN,I am glad to see you again,greeting
TRAIN,Would like to change my account number,others
TRAIN,"Hi There , Want to speak to your manager",escalate
TRAIN,pleasure to meet you,greeting
TRAIN,I appreciate it,thanks
TRAIN,not this,others
TRAIN,hello good morning,greeting
TRAIN,"Good Morning,3 iPhones, new AirPods and all that Apple may launch today",others
TRAIN,"Hi , redirect me to a human",escalate
TRAIN,Yup,thanks
TRAIN,greetings,greeting
TRAIN,Now You Can See and Control the Data That Apps and Websites Share With Facebook. We're introducing a way to view and control your off-Facebook activity.,others
TRAIN,Thank you for helping on time,thanks
TRAIN,Some people feel 'OM' and 'Cow' will take country,others
TRAIN,this is insane. no reply from long time,others
TRAIN,and a good morning to you,greeting
TRAIN,what's cracking,greeting
TRAIN,very very slow service,others
TRAIN,Thanks for the quick update,thanks
TRAIN,Seniors shaping budding civil servants at AU campus,others
TRAIN,closing the request as soon as possible,goodbye
TRAIN,"Good Afternoon , New Zealand's status as preferred education",others
TRAIN,Good Team Effort. Thanks,thanks
TRAIN,nah,others
TRAIN,I think no,others
TRAIN,nothing is working as expected,others
TRAIN,do not,others
TRAIN,I'm glad to see you,greeting
TRAIN,"Hey , could you please. Thanks",others
TRAIN,can you tell me the password,others
TRAIN,"You can customise alerts behavior such as sound, light or vibration",others
TRAIN,"Hi Good Morning Everyone , Very bad service",others
TRAIN,Can you give me a cancellation request number based on which the card was cancelled,others
TRAIN,not satisifed  the product,others
TRAIN,hey mate,greeting
TRAIN,"Good Morning Team , Android users, remove any of these 24 apps from your phone immediately",others
TRAIN,Become an AI&ML specialist with BITS Pilani AI&ML PG Program,others
TRAIN,Could you please redirect me to an agent,escalate
TRAIN,Could you give me your manager number,escalate
TRAIN,Every city needs to do this,others
TRAIN,"Hi Team , can you reset my password ",others
TRAIN,Yay!!! Thanks for bringing it back!!! IT'S THE BEST!!!,thanks
TRAIN,It is a pleasure to meet you,goodbye
TRAIN,"Hello , can you please help in recovering my account",others
TRAIN,Not at all satisfied,others
TRAIN,is everything all right,greeting
TRAIN,Could you please let me know .Thanks,others
TRAIN,I want to escalate the issue to higher management team,escalate
TRAIN,not at all satisfied the effort,others
TRAIN,wassup,greeting
TRAIN,how about you,greeting
TRAIN,"Hi Good Afternoon ,Time to say goodbye",goodbye
TRAIN,I'm angry,others
TRAIN,"HI team , I would like to enroll myself for AWS Course",others
TRAIN,Amazon bets big on India with mega-office,others
TRAIN,"Hey All , waited too much time with no reply",others
TRAIN,Do you help me on changing the nominee,others
TRAIN,can you let me know the algorithm used,others
TRAIN,Macca turns magical Grandude with children's book,others
TRAIN,not interested,others
TRAIN,go to bed,goodbye
TRAIN,It was so good to speak with you. Thank you,goodbye
TRAIN,Good Morning,greeting
TRAIN,"India, Asean agree to review free trade pact",others
TRAIN,What's up?,greeting
TRAIN,no need,others
TRAIN,it 's time to bid adeu,goodbye
TRAIN,"Hi Good Morning Team , Apple iPad 7th generation: First impressions",others
TRAIN,"Good Afternoon , Do I still need to wait. this is insane",others
TRAIN,"Hey All , You can customise alerts behavior such as sound, light or vibration",others
TRAIN,10 great places to go in autumn,others
TRAIN,Chess Nationals in Jammu cut short,others
TRAIN,what exactly do you mean,others
TRAIN,many thanks for all your help !,thanks
TRAIN,"hey , Bye untill we meet again",goodbye
TRAIN,can you cancel the address now,others
TRAIN,greetings.,greeting
TRAIN,"Expats rank India in bottom 10 for quality of life, survey finds",others
TRAIN,I must go,goodbye
TRAIN,no never,others
TRAIN,"no ETA is provided at all , so I am dropping off",others
TRAIN,thanks for bringing this back!,thanks
TRAIN,what do you mean,others
TRAIN,New video animation aims to raise AIDS awareness on Freddie Mercury's birthday,others
TRAIN,you can go now,goodbye
TRAIN,that's it goodbye,goodbye
TRAIN,what the fuck,others
TRAIN,How economic performance of cricketing nations,others
TRAIN,"Hello team , can you please let me know the secondary contact details",others
TRAIN,wait for me,others
TRAIN,Have a great day!,greeting
TRAIN,appreciate your help,thanks
TRAIN,will exit as soon as possible,goodbye
TRAIN,"Motorola set to enter TV segment in India, to partner Flipkart",others
TRAIN,see you tomorrow,goodbye
TRAIN,hey what's up,greeting
TRAIN,"Hi Team , can you",others
TRAIN,"anyone there , can you sport",others
TRAIN,"Hi Good Morning Team , Nokia 7.2 quick review: Impressive looks",others
TRAIN,not exactly,others
TRAIN,"can you build AI , ML , DL and NLP",others
TRAIN,goodbye team,goodbye
TRAIN,Could you let me know the .Thanks,others
TRAIN,Good Bye,goodbye
TRAIN,hi,greeting
TRAIN,it's good to see you,greeting
TRAIN,never mind bye,goodbye
TRAIN,Buy 3BHK home for the price of 2BHK only!,others
TRAIN,"A wave, tear, farewell. Forever it will be a special moment",goodbye
TRAIN,what is your problem. you don't reply,others
TRAIN,can we escalate further ?,escalate
TRAIN,"We are very close to restoring normalcy, says J&K DGP",others
TRAIN,not that,others
TRAIN,It was all possible with your efforts. Thanks team,thanks
TRAIN,"it's resolved now, thanks.",thanks
TRAIN,"Hi There , I want to escalate the issue to your superviser",escalate
TRAIN,And the rest of the day to you,goodbye
TRAIN,"Good Morning All , what a fantastic advert",others
TRAIN,I laugh at your ads....,others
TRAIN,Yes I have received the item and I paid with by card.,others
TRAIN,I don't think so,others
TRAIN,hey,greeting
TRAIN,alright thanks,thanks
TRAIN,"Evening , where is your manager",escalate
TRAIN,Bye Then,goodbye
TRAIN,"Hi Team , Reliance JioFiber plans out, Android 10 released, CamScanner returns and other top tech news",others
TRAIN,I want to speak to a human,escalate
TRAIN,Hi. nice to meet you,greeting
TRAIN,how good it is to see you,greeting
TRAIN,escalate the issue right away,escalate
TRAIN,"Patel was right, Nehru wrong on Kashmir: Ravi Shankar Prasad",others
TRAIN,what a fantastic advert,others
TRAIN,Hello Friend,greeting
TRAIN,thank you that will be all,thanks
TRAIN,"Hi!,  I want to talk to an agent",escalate
TRAIN,okay thank you bye,goodbye
TRAIN,Taylor Swift's 'Lover' album breaks new record in China,others
TRAIN,can you schedule a meeting with your manager,escalate
TRAIN,you ae not good,others
TRAIN,I don't want that,others
TRAIN,"Hi team , I would like to know about NLX options and future prices",others
TRAIN,not needed,others
TRAIN,"Hi Good Afternoon ,Thank you.",thanks
TRAIN,I would like to attend the function,others
TRAIN,Join Bangalore's first luxury holiday membership,others
TRAIN,what the hell is this.,others
TRAIN,no actually,others
TRAIN,"Hi Good Morning Everyone , not happy with the service",others
TRAIN,many many thanks,thanks
TRAIN,"Hi Team , can you change my first and last name",others
TRAIN,you are not cool,others
TRAIN,"Hi Good Morning Everyone , Waiting for long time with no reply",thanks
TRAIN,"Hi All , I would like to apple",others
TRAIN,They knew exactly what he was. They gave him a gun.  PARENTS: Do you know what's really happening in your kid's school?,others
TRAIN,it's been so nice to talk to you,greeting
TRAIN,take care,goodbye
TRAIN,"Hi , I would like to get help on this",others
TRAIN,"great convenience, thank you!",thanks
TRAIN,how have you been,greeting
TRAIN,catch you tomorrow,goodbye
TRAIN,Bad Service and there is add on ,others
TRAIN,"Hey, Is there any agent with whom I can talk to",escalate
TRAIN,Adani Power's Tiroda plant gets MERC nod for higher coal price,others
TRAIN,I woule like to escalate further,escalate
TRAIN,talk to you later,goodbye
TRAIN,"Hi Team , can I change my address",others
TRAIN,thank you,thanks
TRAIN,I want to speak to you higher manager ,escalate
TRAIN,Morning to you,greeting
TRAIN,I would like to know. Thanks,others
TRAIN,Thanks for the help. Good Bye,goodbye
TRAIN,can I would with am you the could please yours,others
TRAIN,Alibaba chairman Jack Ma steps down,others
TRAIN,"Hi All , can",others
TRAIN,"Fine, and you?",thanks
TRAIN,"Hello Team , I want to open bank account",others
TRAIN,It's time to bid farewell,goodbye
TRAIN,"Hi Good Morning Everyone , Worst Service",others
TRAIN,"Hello , vast coverage of hockey, football, basketball, golf, cricket",others
TRAIN,this not good .sucks,others
TRAIN,it was very nice to meet you,greeting
TRAIN,"Tamil Nadu: 1,000 teachers to be schooled over sloppy scoring of papers",others
TRAIN,"Hi team , I would like to swim",others
TRAIN,you can add your favorite team's full schedule to your phone's calendar,others
TRAIN,you're terrible,others
TRAIN,"Gifts to PM to be auctioned online, proceeds to go",others
TRAIN,Hope you are doing well,greeting
TRAIN,it's nice to see you,greeting
TRAIN,no reponse !!!!,others
TRAIN,"Good Morning , It is pending from long time",escalate
TRAIN,WORST Service !!!!!!!!!!!!!!!!!!!!!!!,others
TRAIN,Everything Apple launched at the iPhone 11 launch event in 8 minutes,others
TRAIN,"Good Morning Team , How much time to wait ?",others
TRAIN,I will leave. bye,goodbye
TRAIN,"Hi , I need a one-one conversation with your higher management team",escalate
TRAIN,Economic slowdown one of biggest reasons for 2-wheeler sales slump: Honda,others
TRAIN,get lost,goodbye
TRAIN,you are very annoying,others
TRAIN,Worst experience  all time,others
TRAIN,"Hey guys , wishing you",greeting
TRAIN,well thanks,thanks
TRAIN,"Hi there , why do you take such long time ?",others
TRAIN,"Hi All , please ",others
TRAIN,"Hi Good Morning ,Thank you.",thanks
TRAIN,There are thousands of teams and over hundred of leagues,others
TRAIN,"Good Morning Everyone , escalate the issue further",escalate
TRAIN,Thanks so much for having this item!,thanks
TRAIN,"I was able to redirect to the correct team, Thank you",thanks
TRAIN,how is your morning going,greeting
TRAIN,very good thank you,thanks
TRAIN,goodbye for now,goodbye
TRAIN,U can send me a card,others
TRAIN,how your day is going,greeting
TRAIN,thanks so much,thanks
TRAIN,"Hi Good Afternoon ,Very bad service",others
TRAIN,you're no good,others
TRAIN,"Good Afternoon All , very bad work",others
TRAIN,fit for nothing really,others
TRAIN,"I am on hold forlong time , no response",others
TRAIN,you're too annoying,others
TRAIN,good thanks,thanks
TRAIN,"Hi team , NTA UGC-NET December 2019 application process begins @ntanet.nic.in",others
TRAIN,Hi please write us a private message. Thanks!,thanks
TRAIN,hello again,greeting
TRAIN,They knew exactly what he was. They gave him a gun.  PARENTS: Do you know what's really happening in your kid's school?],others
TRAIN,"Hi Team , can you please change the address in my bank profile information",others
TRAIN,I'm enraged,others
TRAIN,you're not helping me,others
TRAIN,It was all possible with your help. Thank you !,thanks
TRAIN,what is happening,greeting
TRAIN,"Thanks , I am all set",thanks
TRAIN,Thanking you anyways,thanks
TRAIN,definitely not,others
TRAIN,good morning too,greeting
TRAIN,Allow Me to Introduce Myself,greeting
TRAIN,bye bot,goodbye
TRAIN,sorry no,others
TRAIN,Thanks Foodie!,thanks
TRAIN,Thanks though.,thanks
TRAIN,Dearest,greeting
TRAIN,na,others
TRAIN,I'm furious,others
TRAIN,waiting and just waiting for a day with no response,others
TRAIN,"Hi , Have a great day",greeting
TRAIN,Thanks for all your help,thanks
TRAIN,very slow service,others
TRAIN,miss you,goodbye
TRAIN,good to know each other,greeting
TRAIN,I say no,others
TRAIN,I would like to pass on my thanks to Tracy at your Patchway Bristol branch who helped my son open his first bank,others
TRAIN,Not Much,others
TRAIN,how much time to wait,others
TRAIN,"hello team , Could you split",others
TRAIN,can u make my cheque clear quicker pls,others
TRAIN,"Good Morning, After getting Institute of Emminence tag, KIIT University to focus on research,",others
TRAIN,waiting for the email,others
TRAIN,you are hilarious,others
TRAIN,Focus on future missions: Sivan to scientists,others
TRAIN,well thank you,thanks
TRAIN,"Good Evening, time to bid adeu",goodbye
TRAIN,what's up theese days,greeting
TRAIN,bye,goodbye
TRAIN,"New York remembers 9/11 attacks, 18 years on",others
TRAIN,goodbye see you later,goodbye
TRAIN,"Hi Good Afternoon ,Untill we meet everyone. GoodBye",goodbye
TRAIN,"thx , thanks , Thanks , Tks , thnks , thnkyou , thanks , thank , thanksgiving , thanked , thanking , thankful , Thannnnk you , Thaank you , thanks to you",thanks
TRAIN,'World's earliest evidence of dairy consumption,others
TRAIN,Howdy,greeting
TRAIN,Off for now,goodbye
TRAIN,never expected,others
TRAIN,Good Evening. Have a great day ahead,greeting
TRAIN,what is going on,greeting
TRAIN,"Hi there , can you",others
TRAIN,"can you understand hindi , kannada",others
TRAIN,awesome product fast shipping thanks,thanks
TRAIN,I want to talk to customer service representative,escalate
TRAIN,farewell time,goodbye
TRAIN,Cheers mate,goodbye
TRAIN,a good morning,greeting
TRAIN,lovely day isn't it,greeting
TRAIN,how about no,others
TRAIN,Good Morning. Hope you are doing fine,greeting
TRAIN,"Hey , when can I speak to your delivery manager",escalate
TRAIN,Thanks for carrying these!,thanks
TRAIN,Bye Everyone,goodbye
TRAIN,I would like to exit,goodbye
TRAIN,thanks for your help,thanks
TRAIN,goodbye all,goodbye
TRAIN,"Morning , you can add your favorite team's full schedule to your phone's calendar",others
TRAIN,nice thank you,thanks
TRAIN,The trust is broken after the bad service,others
TRAIN,bye bye take care,goodbye
TRAIN,not right now thanks,others
TRAIN,"Hey , How are you doing today",greeting
TRAIN,we'll miss you,goodbye
TRAIN,"Good Afternoon , It is possible to sign in with your Facebook and Twitter accounts.",others
TRAIN,"Hi Good Morning , Apple Watch Series 5: First impressions",others
TRAIN,JEE Main 2020: NTA introduces new section for BPlanning aspirants,others
TRAIN,"Hi There , I am leaving. Bye",goodbye
TRAIN,I would love to talk to an agent,escalate
TRAIN,when can I start using my bank card for,others
TRAIN,"Hi Good Morning ,Waiting for long time with no reply",thanks
TRAIN,ED to quiz DKS daughter in alleged money-laundering cases,others
TRAIN,Hi I have received pin number but no card. Can u help x,others
TRAIN,when can you schedule a meeting with your manager ,escalate
TRAIN,What's up buddy?,greeting
TRAIN,no just no,others
TRAIN,"Hi All , can you please look into my bank profile",others
TRAIN,"Morning , Singapore universities cancel Hong Kong exchanges",others
TRAIN,hope you re having a pleasant evening,greeting
TRAIN,many thanks to all the resources,thanks
TRAIN,afternoon,greeting
TRAIN,you helped a lot thank you,thanks
TRAIN,"Chandrayaan-2: How response of opposition parties was different after surgical, Balakot strikes",others
TRAIN,Thanking you,thanks
TRAIN,Focus on future missions: Sivan tells scientists in internal address,others
TRAIN,Cheers!!,goodbye
TRAIN,great to see you again,greeting
TRAIN,how is your day being,greeting
TRAIN,Below is the additional data for escalation category,others
TRAIN,"Not much, how about you?",greeting
TRAIN,ONGC considers buying out rest of petrochemical project,others
TRAIN,can you help me connect to an agent,escalate
TRAIN,Thx all,thanks
TRAIN,thanks buddy,thanks
TRAIN,good bye,goodbye
TRAIN,"bye team , pleasure to work",goodbye
TRAIN,how nice it is to talk to you,greeting
TRAIN,Hope this email finds you well,greeting
TRAIN,then what's up,greeting
TRAIN,can you let me know .Thanks,others
TRAIN,I am mad,others
TRAIN,let 's not,others
TRAIN,great to see you too,greeting
TRAIN,"adieu , bye-bye , Godspeed , adios , cheerio , ciao , leave-taking , so long , toodle-oo",goodbye
TRAIN,nooo,others
TRAIN,transfer the call to service desk,escalate
TRAIN,"can you know , who won the xxxx",others
TRAIN,I greet you,greeting
TRAIN,Good Evening Team,greeting
TRAIN,"Hi there , meet you untill next time",goodbye
TRAIN,not satisified,others
TRAIN,"Due to bad service , would quit",goodbye
TRAIN,I said bye,goodbye
TRAIN,no incorrect,others
TRAIN,Thanks to him.,thanks
TRAIN,how is it,greeting
TRAIN,There is everything you need to enjoy your favorite sports:,others
TRAIN,'Too harsh': Mamata Banerjee says won't enforce hefty fines for traffic violations,others
TRAIN,"Telco war: After Jio, Airtel launches 1Gbps 'Xstream Fibre' with unlimited broadband at Rs 3,999",others
TRAIN,how do you feel,greeting
TRAIN,Thanks. :),thanks
TRAIN,Iniyan finishes 8th in Dubai Open,others
TRAIN,"Hi Team , Have a great day",greeting
TRAIN,Thanks. Kind regards Everyone,thanks
TRAIN,I find you annoying,others
TRAIN,thanks love,thanks
TRAIN,good bye team,goodbye
TRAIN,Totally fraud. no one will hear our problems,others
TRAIN,"Hi team , I would like to know more about your product",others
TRAIN,ETA is not provided at all,others
TRAIN,I am wishing you all the best for your future,greeting
TRAIN,Out of date  security is not good,others
TRAIN,"Good Morning, It was pleasure meeting you",goodbye
TRAIN,"Hi team , I would like to know the  score of india vs england match",others
TRAIN,Talking Point: Will an institutional fitness plan improve the academic,others
TRAIN,"Hey, It was pleasure meeting you",goodbye
TRAIN,What's up man?,greeting
TRAIN,"Hi team , could you please surprise",others
TRAIN,how are the things going,greeting
TRAIN,Thanks for shipping.,thanks
TRAIN,"Hi Good Morning Everyone , Thanks a lot for your help",thanks
TRAIN,"Sensex, Nifty end higher; auto stocks among top",others
TRAIN,good afternoon,greeting
TRAIN,"Good Morning , set up a meeting with your team lead",escalate
TRAIN,"Good Morning , I would like to cancel the movie",others
TRAIN,thnx,thanks
TRAIN,India’s wealthy get demonetised again,others
TRAIN,like to leave. goodbye,goodbye
TRAIN,Hi There. Thanks for the support,thanks
TRAIN,I am doing well,others
TRAIN,what was your day like,greeting
TRAIN,"Hi there , no ETA from past few days. fed up totally",others
TRAIN,pelasure meeting you,goodbye
TRAIN,"Hi Guys , why to continue here if the service is so bad",others
TRAIN,Can't wait!,others
TRAIN,Hong Kong stock exchange in talks to buy London,others
TRAIN,Having trouble getting into my acct from my phone. ,others
TRAIN,take care. bye,goodbye
TRAIN,"Good Afternoon , it's time to take your help on the issue",others
TRAIN,not really no,others
TRAIN,very bad. unable to use,others
TRAIN,"Hi All , could you please look into loan approval form which i submitted yesterday",others
TRAIN,can you redirect me to a human,escalate
TRAIN,"Hi All , would you like check the score",others
TRAIN,Can you please connect me to an agent,escalate
TRAIN,I would like to speak to an agent,escalate
TRAIN,"Hi All , I like to . Thanks",others
TRAIN,"Hi Mr , can you let me know the condition",others
TRAIN,useless service with bad attitude,others
TRAIN,"Good Afternon , I am waiting to speak to your manager",escalate
TRAIN,I would like to leave. Good bye,goodbye
TRAIN,bid adeu,goodbye
TRAIN,Worst Customer Service,others
TRAIN,"Good Morning All , OnePlus TV set to launch in India: Confirmed features, availability and more",others
TRAIN,alright bye,goodbye
TRAIN,"Hi Good Afternoon ,not happy with the service",others
TRAIN,no way,others
TRAIN,I said no,others
TRAIN,you are disgusting,others
TRAIN,"angry , mad , furious , enraged",others
TRAIN,useless ,others
TRAIN,"Hi Good Morning ,Take care",goodbye
TRAIN,Top of the morning to you as well,greeting
TRAIN,Happy Birthday,greeting
TRAIN,"Good Morning , Thank you for yesterday's work",thanks
TRAIN,Huawei P30 series to get EMUI 10 beta update,others
TRAIN,of course not,others
TRAIN,no reply  emails,others
TRAIN,"Good Morning Everyone , We ll catch some other time",goodbye
TRAIN,you are worthless,others
TRAIN,no it's not,others
TRAIN,Many thanks,thanks
TRAIN,"Evening , The app informs you who was injured during the season,",others
TRAIN,glad to see you,greeting
TRAIN,Hello Team,greeting
TRAIN,droping off,goodbye
TRAIN,see ya,goodbye
TRAIN,Could you please let me know the xxxx,others
TRAIN,"Hi team , good bye",goodbye
TRAIN,Not at all expexted,others
TRAIN,"Hi , is it possible to check",others
TRAIN,took long time to process,others
TRAIN,I thank you,thanks
TRAIN,"Hi Guys , generally will there be just no reply from anyone. this is insane",others
TRAIN,This is when Apple’s iPhone 11 models will launch in India,others
TRAIN,"Hi Good Morning ,not happy with the service",others
TRAIN,alright thank you,thanks
TRAIN,catch you some other time,goodbye
TRAIN,escalate further,escalate
TRAIN,It’s worthless and useless,others
TRAIN,till next time,goodbye
TRAIN,"Hi team, no reply from past 1 hour",others
TRAIN,team response?,others
TRAIN,I don't talk to bots.,escalate
TRAIN,"There , Scholarships to study abroad for poor SC students",others
TRAIN,thanks,thanks
TRAIN,"Hi Good Afternoon ,Take care",goodbye
TRAIN,exit,goodbye
TRAIN,"Good Morning , what happened in scheduling meeting with manager ?",escalate
TRAIN,absolutely no,others
TRAIN,GM,greeting
TRAIN,"Good Morning Everyone , can I speak to a human",escalate
TRAIN,what about your day,greeting
TRAIN,no,others
TRAIN,good for nothing. useless,others
TRAIN,"Chess: With black, Mrudul stuns seed No. 5; Divya, Srishti record wins in Rd 8",others
TRAIN,Thank you !,thanks
TRAIN,you are such annoying,others
TRAIN,greets,greeting
TRAIN,Worst service ever,others
TRAIN,"Hello , I need to speak to delivery manager now",escalate
TRAIN,no that's wrong,others
TRAIN,"hey all , please",others
TRAIN,it's time to say goodbye,goodbye
TRAIN,I said what's up,greeting
TRAIN,pleasure working with you all. Thank you,thanks
TRAIN,I don't want,others
TRAIN,pleasure meeting with you,goodbye
TRAIN,quit,goodbye
TRAIN,"Hi , can I talk to human",escalate
TRAIN,"Good Morning , It is pending from long time , when can I speak to your superviser",escalate
TRAIN,That's it,goodbye
TRAIN,MSN Sports developed by Microsoft Corporation is the perfect app for any sports fan. ,others
TRAIN,what the fuck. not at all improving,others
TRAIN,lovely to see you,greeting
TRAIN,are you having a good day,greeting
TRAIN,Tata Motors global sales down 32% in August,others
TRAIN,Thanks Team,thanks
TRAIN,"Hi team , Taiwan offers short-term agriculture internships to",others
TRAIN,"Cab firm, auto drivers face off on short rides in Bengaluru",others
TRAIN,I would like to ,others
TRAIN,"Hi Good Morning , Samsung launches Galaxy A50s and Galaxy A30s, price starts at Rs 16,999",others
TRAIN,"Hi , I want you to hel",others
TRAIN,"Hello There , I want to open account",others
TRAIN,happy holidays,greeting
TRAIN,Evening Everyone,greeting
TRAIN,Cara I am still waiting for the email,others
TRAIN,GM,greeting
TRAIN,"Hi Good Morning ,Very bad service",others
TRAIN,"Hi, I want to talk your superior",escalate
TRAIN,thanks for the response!,thanks
TRAIN,I hope you enjoyed your weekend,greeting
TRAIN,top of the morning to you,greeting
TRAIN,Good Evening Eveyone,greeting
TRAIN,The Times of India is an Indian English-language daily newspaper owned by The Times Group. It is the third-largest newspaper in India by circulation and largest selling English-language daily in the world according to Audit Bureau of Circulations.,others
TRAIN,"Hi team , no ETA is provided at all which is insane",others
TRAIN,Toddler among three found dead on railway track,others
TRAIN,"Good Morning , It is pending from long time",escalate
TRAIN,"Hi Good Morning , Oppo A9 (2020), A5 (2020) smartphones with four rear cameras launched in India",others
TRAIN,it is nice talking to you,greeting
TRAIN,I was kept on hold for 10 mins with no reply,others
TRAIN,not happy,others
TRAIN,quit the service,goodbye
TRAIN,"hi there , could you please send me the xx",others
TRAIN,Hi can you give me the adress of the bank,others
TRAIN,not really,others
TRAIN,"hey all , I will",others
TRAIN,Shocking ..bad service,others
TRAIN,Thanks for the best team!,thanks
TRAIN,not today,others
TRAIN,take care. bye ye,goodbye
TRAIN,"Good Morning , iPhone 11: First impressions",others
TRAIN,see you soon,goodbye
TRAIN,you are not good,others
TRAIN,"Good Morning , what happened in scheduling meeting with manager ?",escalate
TRAIN,I want to talk to a human agent,escalate
TRAIN,"Hi Everyone , could you help in setting up new account",others
TRAIN,Pathetic bot. Just redirects,others
TRAIN,waiting for long time ,others
TRAIN,sucks very badly,others
TRAIN,"Hi, I want to talk to an agent",escalate
TRAIN,"Good Morning , Scholarship Alert: Apply for STEM2D Scholars Award",others
TRAIN,"‘poker addict’ V-P was deep in debt, desperate: Police",others
TRAIN,ETA is asked long back,others
TRAIN,Thanks for the update,thanks
TRAIN,"Hi Guys , Punjab govt to help youth get jobs, study abroad",others
TRAIN,Good,thanks
TRAIN,"Hey , I need to speak to your manager",escalate
TRAIN,It is possible to sign in with your Facebook and Twitter accounts.,others
TRAIN,"Rajkot Foodgrain Prices- September 11, 2019",others
TRAIN,Porsche goes green with leather-free electric sports,others
TRAIN,"Hi , I want to cancel the flight",others
TRAIN,whatsapp guys,greeting
TRAIN,"Hi Good Morning ,Thanks a lot for your help",thanks
TRAIN,"Hi There , will you set up meeting with your director",escalate
TRAIN,you are lame,others
TRAIN,We are traveling to USA and would like to know the charges when paying with our Lloyds card.,others
TRAIN,how's it going,greeting
TRAIN,"vast coverage of hockey, football, basketball, golf, cricket",others
TRAIN,"Good Evening, time to bid adeu",goodbye
TRAIN,how's life,greeting
TRAIN,escalation is definetly required,escalate
TRAIN,"Hello , I want to cancel ASAP",others
TRAIN,"Hello All , Social media integration is excellent, everything is shareable. There are notifications for fire news",others
TRAIN,"Good Morning Everyone , can u make my cheque clear quicker pls",others
TRAIN,you are annoying me so much,others
TRAIN,"hi team , I need to officially start",others
TRAIN,hey dude,greeting
TRAIN,not happy at all,others
TRAIN,"Hello Team , any ETA atleast by thew end of the day",others
TRAIN,cleaned the environment,goodbye
TRAIN,"Hi Team , Thanks for helping us on time",thanks
TRAIN,pleased to meet you,greeting
TRAIN,apparently not,others
TRAIN,whazzup,greeting
TRAIN,Greetings !,greeting
TRAIN,Do you help me on the banking domain information,others
TRAIN,welcome to the team,greeting
TRAIN,bye-bye,goodbye
TRAIN,"Morning , Pick a team, player, league or sport and let the app load the articles in ""My Teams"" section.",others
TRAIN,how many times to follow up ?,others
TRAIN,"Hello Team , I would like to know the accuracy scores ",others
TRAIN,"Hi Team , my",others
TRAIN,hey .. long time no see,greeting
TRAIN,Its too complicated. I am unable to even login!,others
TRAIN,not at this time,others
TRAIN,it's very bad,others
TRAIN,resignation letter would be reached soon,goodbye
TRAIN,Bengaluru: Transport dept struggles with 49% staff shortage; touts have a field,others
TRAIN,"I will gladly respond , kind regards , thanks",thanks
TRAIN,"I am not sure, how much do I need to thank you",thanks
TRAIN,M.Tech. Data Science & Engg. for working professionals,others
TRAIN,Hello,greeting
TRAIN,Still waiting and waiting.,others
TRAIN,"Hi Team , I am waiting for a response from past 2 days. not happy at all",others
TRAIN,I want to talk to your manager,escalate
TRAIN,Off now,goodbye
TRAIN,it's good to see you too,greeting
TRAIN,cheers mate,goodbye
TRAIN,"Hello Team , I would like to know the confidence score",others
TRAIN,G'day All,greeting
TRAIN,actually no,others
TRAIN,"Hi , The app gives much information about the sporting world, including interviews and video",others
TRAIN,"Hey, can you cancel the cab",others
TRAIN,I would like to know the process to loan,others
TRAIN,Sensex rises 125 pts; Yes Bank soars 13 pc,others
TRAIN,"Good Morning All , I want to speak to your higher management team rightaway",escalate
TRAIN,pleasure to meet you too,greeting
TRAIN,nope,others
TRAIN,Fine ,thanks
TRAIN,resign from the process,goodbye
TRAIN,It's great to hear from you,greeting
TRAIN,bye for now,goodbye
TRAIN,That's it,goodbye
TRAIN,"goodbye , untill we meet again",goodbye
TRAIN,"Good Morning , could you please help in bringing laptop",others
TRAIN,Horrible customer service…,others
TRAIN,"he all , I need to",others
TRAIN,can you build chatbots,others
TRAIN,"Hi team , Indian girl talks about Hyperloop project in Russia",others
TRAIN,"Hi there , please help",others
TRAIN,quitting the process,goodbye
TRAIN,hold on,others
TRAIN,"Hi there , I want reply from a human",escalate
TRAIN,"The app informs you who was injured during the season,",others
TRAIN,Hi Good Evening. Thanks for all the help ,thanks
TRAIN,it's nice to talk to you,greeting
TRAIN,Hi Grasshopers team,greeting
TRAIN,"Hi There , price mark",others
TRAIN,how was your day,greeting
TRAIN,Favorite tea!  Thank you!,thanks
TRAIN,"Hello team , can you please tell me your personal phone number",others
TRAIN,Govt Official Received pension,others
TRAIN,I am not sure whether to trust with you going forward,others
TRAIN,all thank you,thanks
TRAIN,is that what you mean,others
TRAIN,"Hi There , will you set up meeting with your director",escalate
TRAIN,Good Morning All,greeting
TRAIN,what's up,greeting
TRAIN,it is a utility widely used to provision a PRPC system with specific jars and rulesets.,others
TRAIN,you're incredibly annoying,others
TRAIN,Very Very Very Very Best----Thanks Tikona,thanks
TRAIN,no thanks,others
TRAIN,"item as described, shipped on time - thanks!",thanks